Bicycle_routes,linear_color_weighting,Previous_accidents,Day,Sex,Age_rangue,Hourly_range,Lanes,Speed_limit,Bikeway,Public_transport,Traffic_light,Street_type,vehicle_type,Traffic_variable,Bicycle_routes_cat,predominant_color,diffuse_logic_traffic,label
0,0.352758426,2,Wednesday,F,40-49,18:00 a 19:59,3,50km/h,No,Yes,Yes,Avenue,Passenger_vehicle,Trafico moderado,No,green,MB,1
0,0.25,2,Sunday,M,30-39,0:00 a 01:59,3,50km/h,Yes,Yes,No,Avenue,Private_car,Poco trafico,No,green,B,1
277,0.29314616,1,Monday,M,50-59,10:00 a 11:59,3,50km/h,Yes,Yes,No,Avenue,Private_car,Poco trafico,Yes,green,B,1
0,0.308995454,2,Tuesday,M,50-59,14:00 a 15:59,4,50km/h,No,Yes,No,Avenue,Private_car,Poco trafico,No,green,B,1
0,0.330503029,2,Tuesday,M,70+,20:00 a 21:59,3,50km/h,No,Yes,No,Avenue,Passenger_vehicle,Poco trafico,No,green,MB,1
0,0.402813881,1,Wednesday,M,60-69,18:00 a 19:59,1,50km/h,No,Yes,Yes,Street,Truck,Poco trafico,No,green,MB,1
0,0.404200621,1,Sunday,M,0-19,18:00 a 19:59,2,50km/h,Yes,Yes,No,Avenue,Truck,Poco trafico,No,green,MB,1
0,0.25,0,Sunday,M,50-59,10:00 a 11:59,3,50km/h,No,Yes,Yes,Avenue,Private_car,Trafico moderado,No,green,B,1
363,0.331740231,1,Friday,M,50-59,18:00 a 19:59,3,50km/h,No,Yes,Yes,Avenue,Passenger_vehicle,Trafico moderado,Yes,green,B,1
0,0,0,Monday,M,20-29,20:00 a 21:59,2,80km/h,No,Yes,No,Highway,Private_car,Poco trafico,No,green,B,1
349,0.387744113,1,Sunday,M,30-39,10:00 a 11:59,3,50km/h,No,Yes,Yes,Avenue,Passenger_vehicle,Trafico moderado,Yes,green,MB,1
0,0.265192308,0,Sunday,M,70+,12:00 a 13:59,3,50km/h,No,Yes,Yes,Avenue,Private_car,Poco trafico,No,green,B,1
0,0.341087169,0,Friday,M,0-19,18:00 a 19:59,1,50km/h,No,Yes,No,Street,Passenger_vehicle,Trafico moderado,No,green,MB,1
0,0.478703176,0,Thursday,M,30-39,18:00 a 19:59,3,50km/h,No,Yes,Yes,Avenue,Passenger_vehicle,Trafico moderado,No,green,MB,1
0,0.334384093,0,Sunday,M,0-19,22:00 a 23:59,1,50km/h,No,Yes,No,Street,Private_car,Trafico moderado,No,green,MB,1
388,0.475386557,4,Saturday,M,50-59,20:00 a 21:59,3,50km/h,No,Yes,No,Avenue,Private_car,Poco trafico,Yes,orange,MA,1
212,0.28039264,0,Saturday,M,70+,08:00 a 09:59,3,50km/h,No,Yes,Yes,Avenue,Passenger_vehicle,Poco trafico,Yes,green,B,1
0,0.25,2,Thursday,M,70+,20:00 a 21:59,6,60km/h,No,Yes,No,Peripheral,Private_car,Poco trafico,No,green,B,1
0,0.296348315,0,Saturday,M,0-19,18:00 a 19:59,3,50km/h,Yes,Yes,No,Avenue,Private_car,Poco trafico,No,green,B,1
0,0,1,Saturday,M,20-29,18:00 a 19:59,5,60km/h,No,Yes,Yes,Avenue,Private_car,Poco trafico,No,green,B,1
0,0.278856826,3,Friday,M,50-59,0:00 a 01:59,3,50km/h,No,Yes,Yes,Street,Passenger_vehicle,Poco trafico,No,green,B,1
0,0.37444002,0,Sunday,M,0-19,12:00 a 13:59,2,50km/h,No,Yes,No,Street,Passenger_vehicle,Poco trafico,No,green,MB,1
0,0.25135257,0,Friday,M,40-49,20:00 a 21:59,2,80km/h,No,Yes,No,Highway,Private_car,Trafico moderado,No,green,B,1
438,0.339977852,1,Thursday,M,60-69,22:00 a 23:59,3,50km/h,Yes,Yes,Yes,Avenue,Private_car,Poco trafico,Yes,green,B,1
9,0.261858798,1,Monday,M,50-59,08:00 a 09:59,5,60km/h,No,Yes,No,Peripheral,Private_car,Poco trafico,Yes,green,B,0
0,0.288527397,0,Saturday,M,30-39,22:00 a 23:59,2,50km/h,No,Yes,Yes,Avenue,Passenger_vehicle,Poco trafico,No,green,B,0
56,0.295541707,3,Sunday,F,20-29,20:00 a 21:59,4,50km/h,No,Yes,Yes,Avenue,Private_car,Trafico moderado,Yes,green,B,1
0,0.331700627,0,Monday,M,30-39,20:00 a 21:59,1,50km/h,No,Yes,No,Avenue,Passenger_vehicle,Trafico moderado,No,green,MB,0
0,0.351810826,0,Wednesday,M,0-19,18:00 a 19:59,1,50km/h,No,Yes,No,Street,Passenger_vehicle,Trafico moderado,No,green,MB,0
800,0.447785675,1,Tuesday,M,20-29,16:00 a 17:59,2,50km/h,No,Yes,Yes,Street,Passenger_vehicle,Poco trafico,Yes,green,MB,0
0,0,0,Wednesday,M,40-49,06:00 a 07:59,4,60km/h,No,Yes,No,Peripheral,Passenger_vehicle,Poco trafico,No,green,B,0
0,0.39389313,0,Friday,M,30-39,06:00 a 07:59,3,50km/h,No,Yes,No,Avenue,Passenger_vehicle,Trafico moderado,No,orange,MB,0
0,0.44434968,0,Saturday,M,0-19,10:00 a 11:59,3,50km/h,No,Yes,No,Avenue,Truck,Poco trafico,No,green,MA,0
417,0.301508745,2,Wednesday,M,20-29,10:00 a 11:59,3,50km/h,No,Yes,Yes,Avenue,Truck,Trafico moderado,Yes,green,B,0
0,0.25,1,Saturday,M,20-29,06:00 a 07:59,2,50km/h,No,Yes,No,Street,Private_car,Poco trafico,No,green,B,1
0,0.406365125,0,Thursday,M,20-29,10:00 a 11:59,4,50km/h,No,Yes,No,Avenue,Truck,Poco trafico,No,green,MB,0
0,0.377735774,2,Friday,M,20-29,12:00 a 13:59,3,50km/h,No,Yes,Yes,Avenue,Passenger_vehicle,Poco trafico,No,green,MB,0
0,0.405934833,0,Monday,M,0-19,14:00 a 15:59,3,50km/h,Yes,Yes,Yes,Avenue,Truck,Trafico moderado,No,green,MB,0
0,0.667194929,1,Tuesday,M,50-59,08:00 a 09:59,3,50km/h,No,Yes,No,Avenue,Private_car,Poco trafico,No,red,MA,0
0,0.449838623,0,Saturday,M,20-29,12:00 a 13:59,2,50km/h,No,Yes,No,Street,Private_car,Trafico moderado,No,green,MB,0
0,0.42225408,1,Sunday,M,20-29,18:00 a 19:59,3,50km/h,No,Yes,Yes,Avenue,Private_car,Trafico moderado,No,green,MA,0
0,0.291990669,0,Tuesday,M,0-19,0:00 a 01:59,2,50km/h,Yes,Yes,Yes,Avenue,Private_car,Poco trafico,No,green,B,1
0,0.38295314,0,Tuesday,M,0-19,14:00 a 15:59,1,50km/h,No,Yes,Yes,Street,Private_car,Trafico moderado,No,green,MB,0
351,0.310683868,0,Wednesday,M,40-49,18:00 a 19:59,4,50km/h,No,Yes,Yes,Avenue,Private_car,Poco trafico,Yes,green,B,0
593,0.409020817,0,Wednesday,M,20-29,08:00 a 09:59,1,50km/h,No,Yes,No,Street,Private_car,Trafico moderado,Yes,orange,MB,0
0,0.281396839,1,Friday,M,0-19,18:00 a 19:59,4,50km/h,Yes,Yes,Yes,Avenue,Passenger_vehicle,Poco trafico,No,green,B,0
15,0.637011014,0,Sunday,M,20-29,14:00 a 15:59,1,50km/h,No,Yes,Yes,Street,Private_car,Trafico moderado,Yes,red,MA,0
0,0.380139945,0,Thursday,M,40-49,08:00 a 09:59,3,50km/h,No,Yes,No,Avenue,Passenger_vehicle,Poco trafico,No,green,MB,0
1477,0.5429939,0,Friday,M,20-29,14:00 a 15:59,1,50km/h,No,Yes,Yes,Street,Passenger_vehicle,Trafico moderado,Yes,orange,MA,0
0,0.435317034,4,Tuesday,M,20-29,10:00 a 11:59,3,50km/h,No,Yes,Yes,Avenue,Truck,Poco trafico,No,green,MA,0
0,0.25,1,Wednesday,M,50-59,20:00 a 21:59,4,80km/h,No,Yes,No,Highway,Private_car,Poco trafico,No,green,B,0
0,0.436717352,2,Thursday,M,50-59,22:00 a 23:59,4,50km/h,No,Yes,Yes,Avenue,Private_car,Trafico moderado,No,orange,MB,1
0,0.255121436,0,Friday,M,0-19,14:00 a 15:59,1,50km/h,No,Yes,No,Avenue,Passenger_vehicle,Trafico moderado,No,green,B,0
0,0.482467935,0,Saturday,F,50-59,08:00 a 09:59,3,50km/h,No,Yes,No,Avenue,Passenger_vehicle,Poco trafico,No,green,MA,1
0,0.25,1,Monday,M,40-49,22:00 a 23:59,5,60km/h,No,Yes,No,Peripheral,Private_car,Poco trafico,No,green,B,1
0,0.408460668,0,Monday,M,30-39,08:00 a 09:59,6,60km/h,No,Yes,Yes,Peripheral,Passenger_vehicle,Mucho trafico,No,green,MA,0
0,0.299509725,0,Friday,M,50-59,20:00 a 21:59,1,50km/h,No,Yes,No,Street,Private_car,Poco trafico,No,green,B,0
0,0,0,Saturday,M,40-49,18:00 a 19:59,4,80km/h,No,No,No,Peripheral,Passenger_vehicle,Poco trafico,No,green,B,0
174,0.32339977,1,Saturday,M,0-19,16:00 a 17:59,3,50km/h,No,Yes,Yes,Avenue,Train,Poco trafico,Yes,green,B,0
1,0.267958145,0,Monday,M,20-29,08:00 a 09:59,2,50km/h,No,Yes,No,Street,Passenger_vehicle,Poco trafico,Yes,green,B,0
0,0.296182397,1,Tuesday,M,60-69,14:00 a 15:59,1,50km/h,No,Yes,No,Avenue,Private_car,Poco trafico,No,green,B,0
731,0.318398521,2,Tuesday,M,30-39,14:00 a 15:59,2,50km/h,No,Yes,Yes,Street,Private_car,Trafico moderado,Yes,green,B,0
0,0.25,0,Wednesday,M,60-69,14:00 a 15:59,2,50km/h,No,Yes,No,Avenue,Private_car,Poco trafico,No,green,B,0
13,0.390198968,0,Tuesday,M,40-49,18:00 a 19:59,1,50km/h,No,Yes,Yes,Street,Passenger_vehicle,Trafico moderado,Yes,green,MB,1
0,0.446788057,0,Thursday,M,60-69,10:00 a 11:59,1,50km/h,No,No,No,Avenue,Private_car,Mucho trafico,No,orange,MB,0
0,0.25,0,Friday,M,30-39,06:00 a 07:59,6,30km/h,No,Yes,No,Peripheral,Private_car,Poco trafico,No,green,B,0
0,0,0,Saturday,M,0-19,12:00 a 13:59,1,50km/h,No,No,No,Street,Truck,Poco trafico,No,green,B,1
4,0.270614693,0,Wednesday,M,20-29,22:00 a 23:59,3,50km/h,No,Yes,No,Street,Private_car,Poco trafico,Yes,green,B,0
0,0.296882061,1,Saturday,M,0-19,16:00 a 17:59,2,50km/h,No,Yes,Yes,Street,Truck,Poco trafico,No,green,B,0
947,0.281434301,0,Wednesday,M,20-29,10:00 a 11:59,4,50km/h,Yes,Yes,Yes,Avenue,Private_car,Poco trafico,Yes,green,B,0
0,0.385281586,0,Thursday,M,30-39,08:00 a 09:59,3,40km/h,No,Yes,Yes,Avenue,Passenger_vehicle,Poco trafico,No,green,MB,0
0,0.578475336,0,Friday,M,40-49,12:00 a 13:59,3,50km/h,No,Yes,No,Avenue,Private_car,Poco trafico,No,green,MA,1
0,0.264653641,0,Friday,M,50-59,06:00 a 07:59,4,50km/h,No,Yes,Yes,Avenue,Private_car,Poco trafico,No,green,B,1
0,0.310785587,2,Friday,M,20-29,20:00 a 21:59,3,50km/h,No,Yes,Yes,Avenue,Passenger_vehicle,Poco trafico,No,green,B,0
0,0.304767184,1,Saturday,M,40-49,12:00 a 13:59,4,50km/h,No,Yes,No,Avenue,Private_car,Trafico moderado,No,green,B,0
710,0.347714633,0,Thursday,M,20-29,16:00 a 17:59,3,50km/h,No,Yes,Yes,Avenue,Truck,Poco trafico,Yes,green,MB,0
0,0.25,0,Thursday,M,60-69,14:00 a 15:59,1,50km/h,No,No,No,Street,Passenger_vehicle,Trafico moderado,No,green,B,0
257,0.269619865,1,Monday,M,20-29,12:00 a 13:59,1,40km/h,No,Yes,No,Street,Private_car,Trafico moderado,Yes,green,B,0
0,0.25,0,Tuesday,M,50-59,08:00 a 09:59,1,50km/h,No,No,No,Avenue,Truck,Trafico moderado,No,green,B,0
0,0.368882979,3,Wednesday,M,50-59,06:00 a 07:59,5,60km/h,No,Yes,Yes,Peripheral,Passenger_vehicle,Poco trafico,No,green,MB,0
0,0.276232114,3,Thursday,M,40-49,20:00 a 21:59,5,60km/h,No,Yes,Yes,Avenue,Truck,Poco trafico,No,green,B,0
0,0.426572056,0,Monday,F,20-29,14:00 a 15:59,3,80km/h,No,Yes,Yes,Avenue,Passenger_vehicle,Trafico moderado,No,green,MB,0
1156,0.471069869,1,Tuesday,M,60-69,06:00 a 07:59,2,50km/h,No,Yes,Yes,Avenue,Passenger_vehicle,Trafico moderado,Yes,orange,MB,0
0,0.288522727,1,Tuesday,M,20-29,22:00 a 23:59,1,50km/h,No,Yes,No,Street,Passenger_vehicle,Poco trafico,No,green,B,0
49,0.477876393,0,Friday,M,0-19,14:00 a 15:59,2,50km/h,No,Yes,Yes,Avenue,Passenger_vehicle,Poco trafico,Yes,green,MA,0
0,0.25,0,Friday,M,60-69,06:00 a 07:59,2,50km/h,No,Yes,No,Street,Private_car,Poco trafico,No,green,B,0
0,0.453640222,0,Friday,M,40-49,10:00 a 11:59,1,50km/h,No,Yes,No,Street,Multiple_collision,Poco trafico,No,orange,MB,0
0,0.25,2,Sunday,M,20-29,22:00 a 23:59,2,50km/h,No,Yes,No,Avenue,Private_car,Poco trafico,No,green,B,0
0,0,0,Monday,M,0-19,20:00 a 21:59,1,50km/h,No,Yes,No,Street,Passenger_vehicle,Poco trafico,No,green,B,0
0,0.358232285,2,Friday,M,60-69,10:00 a 11:59,2,40km/h,No,Yes,Yes,Avenue,Truck,Poco trafico,No,green,MB,0
176,0.305092472,0,Saturday,M,30-39,06:00 a 07:59,3,50km/h,No,Yes,Yes,Avenue,Truck,Poco trafico,Yes,green,B,0
0,0.409864579,1,Tuesday,M,30-39,14:00 a 15:59,3,50km/h,No,Yes,Yes,Avenue,Truck,Trafico moderado,No,green,MB,1
0,0.25,2,Tuesday,M,30-39,14:00 a 15:59,3,50km/h,Yes,Yes,No,Avenue,Truck,Poco trafico,No,green,B,1
0,0.25,1,Tuesday,M,30-39,12:00 a 13:59,3,50km/h,No,Yes,No,Avenue,Truck,Poco trafico,No,green,B,1
0,0.382643607,0,Saturday,M,0-19,08:00 a 09:59,2,50km/h,No,Yes,Yes,Avenue,Private_car,Poco trafico,No,orange,MB,0
0,0.25,0,Wednesday,M,60-69,10:00 a 11:59,2,50km/h,No,Yes,No,Street,Truck,Poco trafico,No,green,B,0
0,0.33601177,1,Monday,M,30-39,22:00 a 23:59,3,50km/h,No,Yes,Yes,Avenue,Passenger_vehicle,Poco trafico,No,green,MB,1
567,0.328886311,0,Tuesday,M,40-49,12:00 a 13:59,1,50km/h,No,Yes,No,Street,Private_car,Mucho trafico,Yes,green,B,0
0,0.330501973,3,Tuesday,M,30-39,14:00 a 15:59,4,50km/h,No,Yes,No,Avenue,Private_car,Poco trafico,No,green,B,0
762,0.362672018,1,Wednesday,F,20-29,0:00 a 01:59,1,50km/h,No,Yes,No,Street,Private_car,Poco trafico,Yes,green,MB,0
0,0.38547092,0,Thursday,M,30-39,14:00 a 15:59,4,50km/h,No,Yes,No,Avenue,Private_car,Trafico moderado,No,green,MB,0
69,0.577066116,1,Thursday,F,30-39,10:00 a 11:59,4,50km/h,No,Yes,Yes,Avenue,Private_car,Trafico moderado,Yes,orange,MB,0
0,0.272479399,0,Friday,M,20-29,12:00 a 13:59,3,50km/h,No,Yes,No,Avenue,Passenger_vehicle,Trafico moderado,No,green,B,0
1,0.285622179,0,Friday,M,60-69,10:00 a 11:59,3,50km/h,No,Yes,No,Avenue,Truck,Poco trafico,Yes,green,B,0
0,0.25,1,Tuesday,M,20-29,22:00 a 23:59,2,50km/h,No,Yes,No,Avenue,Passenger_vehicle,Poco trafico,No,green,B,0
0,0.335690165,0,Thursday,M,20-29,12:00 a 13:59,3,80km/h,No,Yes,No,Highway,Private_car,Poco trafico,No,green,MB,0
0,0.25,1,Saturday,M,60-69,14:00 a 15:59,2,60km/h,No,Yes,No,Avenue,Truck,Poco trafico,No,green,B,0
0,0.25,1,Friday,M,0-19,10:00 a 11:59,1,50km/h,No,Yes,No,Street,Truck,Poco trafico,No,green,B,0
0,0.389631098,1,Wednesday,M,30-39,18:00 a 19:59,2,50km/h,No,Yes,Yes,Avenue,Private_car,Trafico moderado,No,green,MB,0
0,0.402226001,1,Wednesday,M,20-29,16:00 a 17:59,3,50km/h,No,Yes,Yes,Avenue,Truck,Poco trafico,No,green,MB,1
0,0.503311258,1,Friday,M,30-39,12:00 a 13:59,2,50km/h,No,Yes,No,Avenue,Passenger_vehicle,Trafico moderado,No,orange,MA,0
0,0,0,Thursday,M,20-29,08:00 a 09:59,2,50km/h,No,Yes,No,Street,Private_car,Trafico moderado,No,green,B,0
0,0.25,0,Friday,M,60-69,22:00 a 23:59,1,50km/h,No,Yes,No,Street,Truck,Poco trafico,No,green,B,0
496,0.372081218,0,Sunday,M,0-19,22:00 a 23:59,1,50km/h,No,No,No,Street,Private_car,Poco trafico,Yes,green,MB,0
228,0.52005827,0,Friday,M,20-29,10:00 a 11:59,3,50km/h,No,Yes,No,Avenue,Private_car,Poco trafico,Yes,orange,MA,0
51,0.25,0,Tuesday,M,20-29,16:00 a 17:59,2,50km/h,No,No,No,Street,Private_car,Trafico moderado,Yes,green,B,0
0,0.528531218,0,Thursday,M,20-29,08:00 a 09:59,6,60km/h,No,Yes,Yes,Peripheral,Passenger_vehicle,Trafico moderado,No,orange,MA,0
0,0.381465103,2,Friday,M,20-29,18:00 a 19:59,2,50km/h,No,Yes,No,Avenue,Passenger_vehicle,Trafico moderado,No,green,MB,0
0,0.448529412,0,Saturday,M,50-59,10:00 a 11:59,1,50km/h,No,No,No,Street,Passenger_vehicle,Poco trafico,No,green,MA,1
0,0.328767123,0,Monday,M,50-59,08:00 a 09:59,3,50km/h,No,Yes,Yes,Avenue,Passenger_vehicle,Trafico moderado,No,green,B,1
49,0.25,0,Monday,M,50-59,06:00 a 07:59,1,50km/h,No,No,No,Street,Bicycle,Poco trafico,Yes,green,B,0
0,0.35609879,1,Sunday,M,0-19,22:00 a 23:59,1,50km/h,No,No,No,Street,Private_car,Poco trafico,No,green,MB,0
146,0.358218962,0,Sunday,M,50-59,10:00 a 11:59,1,50km/h,No,Yes,No,Avenue,Truck,Trafico moderado,Yes,green,MB,0
0,0.375614787,0,Tuesday,M,60-69,10:00 a 11:59,4,50km/h,No,Yes,Yes,Avenue,Private_car,Trafico moderado,No,green,MB,0
25,0.287584628,0,Saturday,M,60-69,20:00 a 21:59,1,50km/h,No,No,No,Avenue,Private_car,Poco trafico,Yes,green,B,0
0,0.280050826,2,Saturday,M,0-19,0:00 a 01:59,3,50km/h,No,Yes,Yes,Avenue,Passenger_vehicle,Poco trafico,No,green,B,0
38,0.311227913,0,Thursday,M,30-39,16:00 a 17:59,3,50km/h,No,Yes,Yes,Avenue,Private_car,Poco trafico,Yes,green,B,0
92,0,0,Monday,M,30-39,22:00 a 23:59,4,50km/h,No,Yes,No,Avenue,Passenger_vehicle,Poco trafico,Yes,green,B,0
0,0.357729332,0,Tuesday,M,20-29,14:00 a 15:59,3,50km/h,No,Yes,Yes,Avenue,Multiple_collision,Poco trafico,No,green,MB,0
237,0.330893683,1,Wednesday,M,50-59,12:00 a 13:59,4,50km/h,No,Yes,No,Avenue,Passenger_vehicle,Trafico moderado,Yes,green,MB,0
0,0.358593959,1,Saturday,F,20-29,18:00 a 19:59,3,50km/h,No,Yes,No,Avenue,Private_car,Trafico moderado,No,green,MB,0
629,0.279582929,2,Tuesday,M,40-49,18:00 a 19:59,3,50km/h,No,Yes,Yes,Avenue,Passenger_vehicle,Poco trafico,Yes,green,B,0
0,0.411655874,1,Wednesday,F,50-59,12:00 a 13:59,1,50km/h,No,No,No,Street,Truck,Trafico moderado,No,orange,MB,0
0,0.25,0,Wednesday,M,50-59,20:00 a 21:59,1,50km/h,No,No,No,Street,Private_car,Poco trafico,No,green,B,0
999,0.295154723,2,Friday,M,20-29,06:00 a 07:59,3,50km/h,No,Yes,Yes,Avenue,Private_car,Poco trafico,Yes,green,B,0
0,0.333740831,0,Friday,M,50-59,08:00 a 09:59,4,50km/h,No,Yes,No,Avenue,Truck,Trafico moderado,No,green,MB,0
0,0.369328003,2,Thursday,M,0-19,08:00 a 09:59,4,80km/h,No,Yes,No,Peripheral,Private_car,Trafico moderado,No,green,MB,0
266,0.251960784,2,Saturday,F,20-29,14:00 a 15:59,2,50km/h,No,Yes,No,Avenue,Private_car,Trafico moderado,Yes,green,B,0
0,0.417275574,0,Sunday,F,50-59,20:00 a 21:59,3,50km/h,No,Yes,Yes,Avenue,Truck,Trafico moderado,No,orange,MB,0
0,0.459586466,0,Saturday,M,30-39,12:00 a 13:59,3,50km/h,No,Yes,Yes,Avenue,Private_car,Trafico moderado,No,green,MA,0
0,0.332615973,0,Saturday,M,20-29,16:00 a 17:59,2,50km/h,No,No,No,Street,Private_car,Trafico moderado,No,green,MB,0
0,0.25,0,Wednesday,M,30-39,0:00 a 01:59,4,80km/h,No,Yes,No,Peripheral,Truck,Poco trafico,No,green,B,1
0,0.328645175,0,Monday,M,20-29,08:00 a 09:59,3,50km/h,No,Yes,Yes,Avenue,Truck,Poco trafico,No,green,B,0
0,0.330209292,0,Wednesday,F,30-39,16:00 a 17:59,4,50km/h,No,Yes,Yes,Street,Passenger_vehicle,Poco trafico,No,green,B,0
0,0.25,1,Wednesday,F,20-29,08:00 a 09:59,2,50km/h,No,Yes,No,Avenue,Private_car,Trafico moderado,No,green,B,0
0,0.25,0,Saturday,M,50-59,22:00 a 23:59,1,50km/h,No,Yes,No,Street,Passenger_vehicle,Trafico moderado,No,green,B,0
0,0.366112298,2,Tuesday,M,40-49,16:00 a 17:59,2,50km/h,No,Yes,No,Avenue,Passenger_vehicle,Poco trafico,No,green,B,0
0,0.355047106,4,Tuesday,M,40-49,18:00 a 19:59,3,50km/h,No,Yes,Yes,Avenue,Passenger_vehicle,Poco trafico,No,green,MB,0
0,0.367480384,1,Sunday,M,70+,22:00 a 23:59,4,50km/h,No,Yes,Yes,Avenue,Private_car,Poco trafico,No,green,MB,1
0,0.413769316,0,Sunday,M,20-29,18:00 a 19:59,2,50km/h,No,Yes,No,Street,Passenger_vehicle,Poco trafico,No,green,MB,0
0,0.287900875,2,Monday,M,30-39,10:00 a 11:59,4,60km/h,Yes,Yes,Yes,Peripheral,Private_car,Poco trafico,No,green,B,0
0,0.321590587,0,Thursday,M,20-29,14:00 a 15:59,2,50km/h,No,Yes,No,Avenue,Private_car,Trafico moderado,No,green,MB,0
0,0,0,Sunday,M,0-19,12:00 a 13:59,1,50km/h,No,Yes,No,Street,Passenger_vehicle,Poco trafico,No,green,B,1
0,0.3817549,1,Thursday,M,0-19,20:00 a 21:59,2,50km/h,No,Yes,Yes,Avenue,Passenger_vehicle,Poco trafico,No,green,MB,1
0,0.34445327,1,Friday,M,50-59,08:00 a 09:59,3,50km/h,No,Yes,Yes,Avenue,Passenger_vehicle,Poco trafico,No,green,MB,0
0,0.371263158,1,Friday,F,50-59,10:00 a 11:59,1,50km/h,No,No,No,Street,Private_car,Trafico moderado,No,green,B,0
0,0.343516389,0,Sunday,M,0-19,10:00 a 11:59,2,50km/h,No,Yes,Yes,Avenue,Passenger_vehicle,Poco trafico,No,green,MB,0
0,0.25,2,Tuesday,M,40-49,22:00 a 23:59,3,50km/h,No,Yes,No,Avenue,Private_car,Poco trafico,No,green,B,0
315,0.268551552,4,Wednesday,M,40-49,18:00 a 19:59,1,50km/h,No,Yes,No,Street,Passenger_vehicle,Trafico moderado,Yes,green,B,0
0,0.2959838,0,Thursday,F,20-29,14:00 a 15:59,2,50km/h,No,Yes,No,Avenue,Private_car,Poco trafico,No,green,B,0
332,0.25,1,Monday,M,0-19,18:00 a 19:59,1,50km/h,No,Yes,No,Street,Passenger_vehicle,Trafico moderado,Yes,green,B,0
0,0.5,0,Tuesday,M,20-29,06:00 a 07:59,1,50km/h,No,Yes,No,Street,Passenger_vehicle,Poco trafico,No,orange,MB,0
0,0.326479194,0,Monday,M,40-49,14:00 a 15:59,2,50km/h,No,Yes,Yes,Avenue,Private_car,Trafico moderado,No,green,MB,0
0,0.25,0,Thursday,M,20-29,16:00 a 17:59,2,50km/h,No,Yes,No,Street,Private_car,Trafico moderado,No,green,B,0
486,0.296482856,3,Thursday,F,30-39,12:00 a 13:59,1,50km/h,No,Yes,No,Street,Private_car,Trafico moderado,Yes,green,B,0
282,0.317708333,1,Friday,M,20-29,14:00 a 15:59,2,50km/h,No,Yes,No,Avenue,Private_car,Trafico moderado,Yes,green,MB,0
0,0.297205971,0,Monday,M,30-39,18:00 a 19:59,2,50km/h,No,Yes,No,Avenue,Passenger_vehicle,Trafico moderado,No,green,B,0
0,0.451456311,0,Monday,M,20-29,08:00 a 09:59,2,50km/h,No,Yes,No,Avenue,Passenger_vehicle,Poco trafico,No,orange,MB,0
179,0.262898603,4,Tuesday,M,60-69,10:00 a 11:59,3,50km/h,No,Yes,No,Avenue,Private_car,Trafico moderado,Yes,green,B,0
0,0.364368557,1,Saturday,M,0-19,18:00 a 19:59,2,50km/h,No,Yes,No,Avenue,Passenger_vehicle,Trafico moderado,No,green,MB,1
0,0.75,0,Monday,M,30-39,18:00 a 19:59,6,60km/h,No,Yes,No,Peripheral,Truck,Trafico moderado,No,red,A,0
779,0.318405051,3,Thursday,M,20-29,14:00 a 15:59,2,50km/h,No,Yes,No,Street,Passenger_vehicle,Trafico moderado,Yes,green,MB,0
244,0.393750748,1,Wednesday,M,20-29,10:00 a 11:59,3,50km/h,No,Yes,No,Avenue,Passenger_vehicle,Trafico moderado,Yes,green,MB,0
0,0.300410509,0,Thursday,F,50-59,16:00 a 17:59,2,50km/h,No,Yes,No,Avenue,Passenger_vehicle,Poco trafico,No,green,B,0
0,0.447274265,1,Friday,M,20-29,18:00 a 19:59,4,50km/h,No,Yes,Yes,Avenue,Private_car,Trafico moderado,No,green,MB,0
0,0.575892857,3,Sunday,M,20-29,16:00 a 17:59,6,60km/h,No,Yes,Yes,Peripheral,Private_car,Poco trafico,No,red,MB,0
1,0.384205067,0,Tuesday,M,20-29,10:00 a 11:59,3,50km/h,No,Yes,Yes,Avenue,Private_car,Poco trafico,Yes,orange,MB,0
1115,0.648146105,1,Tuesday,M,20-29,14:00 a 15:59,1,50km/h,No,Yes,No,Street,Multiple_collision,Trafico moderado,Yes,red,MA,0
0,0.429053491,0,Tuesday,M,20-29,10:00 a 11:59,6,50km/h,No,Yes,No,Avenue,Truck,Trafico moderado,No,green,MB,0
0,0.294793485,0,Wednesday,M,50-59,20:00 a 21:59,2,50km/h,No,No,No,Street,Private_car,Trafico moderado,No,green,B,1
0,0.25,0,Wednesday,M,20-29,06:00 a 07:59,1,50km/h,No,No,No,Street,Private_car,Poco trafico,No,green,B,0
0,0.277247356,5,Thursday,M,70+,0:00 a 01:59,4,50km/h,No,Yes,No,Avenue,Private_car,Poco trafico,No,green,B,1
0,0.409957173,0,Friday,M,20-29,16:00 a 17:59,1,50km/h,No,Yes,Yes,Street,Passenger_vehicle,Trafico moderado,No,green,MB,0
0,0.406018137,1,Wednesday,M,40-49,12:00 a 13:59,1,50km/h,No,Yes,No,Street,Passenger_vehicle,Trafico moderado,No,orange,MB,0
0,0.343238619,0,Wednesday,M,60-69,14:00 a 15:59,2,50km/h,No,Yes,No,Avenue,Multiple_collision,Trafico moderado,No,green,MB,0
0,0.44406831,1,Thursday,M,20-29,10:00 a 11:59,4,50km/h,No,Yes,Yes,Avenue,Passenger_vehicle,Trafico moderado,No,orange,MB,0
173,0.527470407,0,Thursday,M,20-29,18:00 a 19:59,3,50km/h,No,Yes,No,Avenue,Private_car,Trafico moderado,Yes,red,MA,0
0,0.389196273,0,Thursday,M,0-19,18:00 a 19:59,3,50km/h,No,Yes,Yes,Avenue,Private_car,Poco trafico,No,green,MB,0
315,0.321264368,1,Thursday,M,20-29,18:00 a 19:59,3,50km/h,No,Yes,No,Avenue,Private_car,Trafico moderado,Yes,green,B,0
8,0.339920438,0,Friday,F,20-29,14:00 a 15:59,3,50km/h,No,Yes,Yes,Avenue,Private_car,Poco trafico,Yes,green,MB,0
0,0.471417471,0,Monday,M,0-19,14:00 a 15:59,2,50km/h,No,Yes,Yes,Avenue,Private_car,Trafico moderado,No,green,MA,0
0,0.306265837,1,Tuesday,M,60-69,10:00 a 11:59,3,50km/h,No,Yes,No,Avenue,Passenger_vehicle,Poco trafico,No,green,B,0
648,0.25,2,Tuesday,M,20-29,10:00 a 11:59,3,50km/h,No,Yes,Yes,Avenue,Passenger_vehicle,Trafico moderado,Yes,green,B,1
0,0.448712256,0,Friday,M,60-69,08:00 a 09:59,2,80km/h,No,No,No,Highway,Private_car,Poco trafico,No,orange,MB,0
0,0.343784378,0,Thursday,M,20-29,08:00 a 09:59,2,50km/h,No,Yes,Yes,Avenue,Truck,Poco trafico,No,green,MB,0
0,0.344096713,0,Saturday,M,20-29,18:00 a 19:59,2,50km/h,No,Yes,No,Avenue,Truck,Trafico moderado,No,green,MB,0
0,0.343448851,0,Sunday,M,40-49,14:00 a 15:59,2,50km/h,No,Yes,No,Avenue,Truck,Poco trafico,No,green,B,1
0,0.284207317,0,Sunday,M,0-19,08:00 a 09:59,1,50km/h,No,Yes,No,Avenue,Truck,Poco trafico,No,green,B,0
0,0.271220372,0,Friday,M,20-29,06:00 a 07:59,3,50km/h,No,Yes,Yes,Avenue,Private_car,Poco trafico,No,green,B,0
0,0.373283082,0,Tuesday,F,0-19,18:00 a 19:59,1,50km/h,No,Yes,No,Avenue,Passenger_vehicle,Trafico moderado,No,green,MB,0
48,0.275521572,1,Wednesday,M,50-59,20:00 a 21:59,4,50km/h,No,Yes,Yes,Avenue,Passenger_vehicle,Poco trafico,Yes,green,B,0
0,0.333333333,1,Thursday,M,30-39,08:00 a 09:59,5,60km/h,No,Yes,No,Avenue,Truck,Poco trafico,No,green,MB,0
0,0.432165281,0,Monday,M,60-69,14:00 a 15:59,1,50km/h,No,Yes,No,Avenue,Passenger_vehicle,Trafico moderado,No,green,MB,0
172,0.334101382,1,Monday,M,40-49,18:00 a 19:59,3,50km/h,No,Yes,Yes,Avenue,Train,Poco trafico,Yes,green,MB,1
681,0.525194742,1,Friday,M,30-39,16:00 a 17:59,4,30km/h,No,Yes,Yes,Avenue,Private_car,Trafico moderado,Yes,orange,MA,0
0,0.491695393,1,Tuesday,M,30-39,18:00 a 19:59,1,50km/h,No,Yes,No,Street,Passenger_vehicle,Trafico moderado,No,green,MA,0
0,0.329499186,0,Saturday,M,50-59,10:00 a 11:59,1,50km/h,No,Yes,No,Street,Passenger_vehicle,Poco trafico,No,green,MB,0
0,0.25,0,Saturday,M,20-29,08:00 a 09:59,4,50km/h,No,Yes,Yes,Avenue,Passenger_vehicle,Poco trafico,No,green,B,1
0,0.310363736,3,Sunday,M,20-29,14:00 a 15:59,3,50km/h,No,Yes,No,Avenue,Passenger_vehicle,Poco trafico,No,green,B,0
0,0.4376678,0,Thursday,M,0-19,18:00 a 19:59,3,50km/h,No,Yes,Yes,Avenue,Passenger_vehicle,Poco trafico,No,green,MB,1
286,0.354029723,0,Wednesday,F,20-29,14:00 a 15:59,2,50km/h,No,Yes,No,Street,Passenger_vehicle,Trafico moderado,Yes,green,MB,0
0,0.25,1,Friday,M,20-29,20:00 a 21:59,1,50km/h,No,Yes,No,Street,Passenger_vehicle,Poco trafico,No,green,B,0
0,0.25,1,Saturday,M,20-29,0:00 a 01:59,1,50km/h,No,Yes,No,Street,Passenger_vehicle,Poco trafico,No,green,B,0
0,0.365014694,1,Thursday,M,40-49,16:00 a 17:59,3,40km/h,No,Yes,Yes,Avenue,Passenger_vehicle,Poco trafico,No,green,MB,0
0,0.513942308,0,Friday,F,50-59,08:00 a 09:59,1,50km/h,No,Yes,No,Avenue,Passenger_vehicle,Trafico moderado,No,orange,MA,0
0,0.308230347,3,Monday,M,20-29,20:00 a 21:59,6,60km/h,No,Yes,Yes,Avenue,Private_car,Poco trafico,No,green,B,0
0,0.343089694,1,Wednesday,M,50-59,08:00 a 09:59,3,50km/h,No,Yes,Yes,Avenue,Passenger_vehicle,Poco trafico,No,green,MB,1
0,0.292561253,0,Friday,M,20-29,08:00 a 09:59,1,50km/h,No,Yes,No,Street,Passenger_vehicle,Poco trafico,No,green,B,0
0,0.464527275,3,Tuesday,M,60-69,20:00 a 21:59,2,50km/h,No,Yes,Yes,Street,Passenger_vehicle,Trafico moderado,No,green,MB,0
1039,0.422991929,2,Sunday,F,20-29,10:00 a 11:59,2,50km/h,No,Yes,Yes,Street,Passenger_vehicle,Poco trafico,Yes,green,MB,0
398,0.346559206,0,Thursday,F,20-29,18:00 a 19:59,1,50km/h,No,Yes,No,Street,Passenger_vehicle,Poco trafico,Yes,green,MB,1
0,0.25,2,Friday,M,20-29,0:00 a 01:59,3,80km/h,No,Yes,No,Highway,Private_car,Poco trafico,No,green,B,1
0,0.342036405,0,Friday,F,20-29,08:00 a 09:59,3,50km/h,No,Yes,Yes,Street,Private_car,Poco trafico,No,green,B,0
97,0.309461703,0,Saturday,M,20-29,20:00 a 21:59,3,50km/h,No,Yes,No,Avenue,Passenger_vehicle,Poco trafico,Yes,green,B,0
0,0.350835149,0,Saturday,M,60-69,10:00 a 11:59,2,50km/h,No,Yes,Yes,Avenue,Passenger_vehicle,Poco trafico,No,green,MB,0
0,0,0,Thursday,M,0-19,16:00 a 17:59,4,50km/h,No,No,No,Peripheral,Multiple_collision,Poco trafico,No,green,B,0
0,0.437160652,1,Tuesday,M,40-49,18:00 a 19:59,1,50km/h,No,Yes,No,Street,Passenger_vehicle,Trafico moderado,No,green,MB,0
4,0,1,Saturday,M,20-29,06:00 a 07:59,1,50km/h,No,Yes,No,Street,Truck,Trafico moderado,Yes,green,B,0
1177,0.412412993,1,Wednesday,M,20-29,12:00 a 13:59,2,50km/h,No,Yes,Yes,Street,Passenger_vehicle,Trafico moderado,Yes,green,MB,0
0,0.333939945,1,Tuesday,M,50-59,18:00 a 19:59,1,50km/h,No,Yes,No,Street,Passenger_vehicle,Trafico moderado,No,green,MB,0
0,0.383388158,1,Thursday,M,60-69,18:00 a 19:59,1,50km/h,No,Yes,Yes,Avenue,Passenger_vehicle,Trafico moderado,No,green,MB,0
1629,0.414538822,2,Wednesday,M,60-69,12:00 a 13:59,2,50km/h,No,Yes,Yes,Avenue,Passenger_vehicle,Poco trafico,Yes,green,MB,0
0,0.400834529,1,Tuesday,M,20-29,10:00 a 11:59,4,50km/h,No,Yes,Yes,Avenue,Passenger_vehicle,Poco trafico,No,green,MB,0
46,0.257587111,0,Wednesday,M,0-19,18:00 a 19:59,4,50km/h,No,Yes,No,Avenue,Passenger_vehicle,Poco trafico,Yes,green,B,1
0,0.439274106,4,Thursday,M,0-19,14:00 a 15:59,1,50km/h,No,Yes,No,Street,Passenger_vehicle,Trafico moderado,No,green,MA,0
0,0.25,1,Saturday,M,50-59,06:00 a 07:59,2,50km/h,No,Yes,No,Avenue,Passenger_vehicle,Poco trafico,No,green,B,1
0,0.297952269,2,Tuesday,M,30-39,16:00 a 17:59,4,50km/h,No,Yes,No,Avenue,Truck,Poco trafico,No,green,B,1
0,0.287020616,0,Tuesday,M,20-29,10:00 a 11:59,3,60km/h,No,Yes,Yes,Avenue,Private_car,Trafico moderado,No,green,B,0
0,0.323232323,2,Monday,M,20-29,22:00 a 23:59,3,50km/h,No,Yes,No,Avenue,Passenger_vehicle,Poco trafico,No,green,B,0
0,0.31964487,0,Wednesday,M,30-39,22:00 a 23:59,2,50km/h,No,Yes,Yes,Avenue,Passenger_vehicle,Poco trafico,No,green,B,0
0,0.502827763,1,Tuesday,M,20-29,18:00 a 19:59,1,50km/h,No,Yes,No,Street,Private_car,Trafico moderado,No,orange,MA,0
0,0.281022782,0,Monday,M,20-29,22:00 a 23:59,1,50km/h,No,Yes,No,Avenue,Private_car,Poco trafico,No,green,B,0
2,0.407219456,0,Tuesday,M,50-59,10:00 a 11:59,3,50km/h,No,Yes,Yes,Avenue,Passenger_vehicle,Trafico moderado,Yes,green,MA,0
0,0.282018505,0,Wednesday,M,30-39,16:00 a 17:59,3,50km/h,No,Yes,No,Avenue,Private_car,Poco trafico,No,green,B,0
0,0.302924584,1,Friday,M,30-39,08:00 a 09:59,2,50km/h,No,Yes,Yes,Street,Private_car,Trafico moderado,No,green,B,0
0,0.296682818,0,Tuesday,M,50-59,08:00 a 09:59,2,80km/h,No,Yes,No,Highway,Passenger_vehicle,Poco trafico,No,green,B,1
0,0.513328937,1,Wednesday,M,50-59,18:00 a 19:59,1,50km/h,No,Yes,No,Avenue,Passenger_vehicle,Trafico moderado,No,orange,MA,0
0,0.425882288,0,Thursday,M,0-19,18:00 a 19:59,1,50km/h,No,Yes,Yes,Street,Passenger_vehicle,Mucho trafico,No,green,MB,0
0,0.25,1,Sunday,M,50-59,12:00 a 13:59,6,60km/h,No,Yes,No,Peripheral,Private_car,Trafico moderado,No,green,B,0
0,0.416621365,0,Wednesday,M,0-19,10:00 a 11:59,4,50km/h,No,Yes,Yes,Avenue,Private_car,Trafico moderado,No,green,MA,0
0,0.434611202,0,Thursday,M,0-19,10:00 a 11:59,2,50km/h,No,Yes,No,Avenue,Passenger_vehicle,Poco trafico,No,orange,MB,0
7,0.37494221,0,Thursday,M,20-29,12:00 a 13:59,4,50km/h,No,Yes,No,Avenue,Passenger_vehicle,Trafico moderado,Yes,green,MB,0
0,0.268147346,0,Wednesday,M,0-19,16:00 a 17:59,3,50km/h,No,Yes,No,Avenue,Private_car,Poco trafico,No,green,B,0
0,0.266293774,2,Saturday,M,50-59,06:00 a 07:59,2,60km/h,Yes,Yes,No,Peripheral,Private_car,Poco trafico,No,green,B,0
4,0.347802977,0,Saturday,M,60-69,18:00 a 19:59,1,50km/h,No,Yes,No,Street,Private_car,Poco trafico,Yes,green,MB,0
0,0.276001112,0,Sunday,M,60-69,14:00 a 15:59,1,50km/h,No,No,No,Street,Private_car,Trafico moderado,No,green,B,0
0,0.312770563,0,Friday,M,30-39,16:00 a 17:59,1,50km/h,No,No,No,Street,Truck,Poco trafico,No,green,MB,0
0,0.333130081,2,Saturday,M,30-39,10:00 a 11:59,5,50km/h,No,Yes,No,Avenue,Multiple_collision,Poco trafico,No,green,MB,0
0,0.545778157,0,Saturday,M,20-29,14:00 a 15:59,2,50km/h,No,Yes,Yes,Street,Passenger_vehicle,Poco trafico,No,orange,MA,0
0,0.25,0,Wednesday,M,20-29,22:00 a 23:59,3,50km/h,No,Yes,Yes,Avenue,Truck,Poco trafico,No,green,B,0
0,0,0,Saturday,M,40-49,16:00 a 17:59,4,80km/h,No,Yes,No,Peripheral,Private_car,Trafico moderado,No,green,B,1
0,0.335268617,0,Sunday,M,20-29,14:00 a 15:59,4,50km/h,No,Yes,Yes,Avenue,Private_car,Poco trafico,No,green,B,0
0,0.371045477,0,Tuesday,M,20-29,10:00 a 11:59,3,60km/h,No,Yes,Yes,Avenue,Private_car,Poco trafico,No,green,MB,0
0,0.455220572,1,Saturday,M,50-59,08:00 a 09:59,2,50km/h,No,Yes,No,Avenue,Passenger_vehicle,Trafico moderado,No,green,MB,0
79,0.375508674,0,Thursday,M,0-19,12:00 a 13:59,2,50km/h,No,Yes,Yes,Avenue,Passenger_vehicle,Trafico moderado,Yes,green,MB,0
0,0.274283357,0,Tuesday,F,0-19,14:00 a 15:59,5,50km/h,No,Yes,Yes,Avenue,Passenger_vehicle,Poco trafico,No,green,B,0
0,0.389708214,0,Friday,F,20-29,16:00 a 17:59,2,50km/h,No,Yes,No,Street,Private_car,Poco trafico,No,green,MB,0
631,0.363172646,3,Sunday,M,20-29,14:00 a 15:59,2,50km/h,No,Yes,Yes,Street,Private_car,Trafico moderado,Yes,green,MB,0
0,0.370803887,0,Thursday,M,0-19,14:00 a 15:59,5,50km/h,No,Yes,Yes,Avenue,Multiple_collision,Trafico moderado,No,green,MB,0
0,0.25,0,Wednesday,M,20-29,08:00 a 09:59,3,50km/h,No,Yes,Yes,Avenue,Passenger_vehicle,Poco trafico,No,green,B,0
0,0.25,2,Sunday,M,20-29,22:00 a 23:59,6,60km/h,No,Yes,No,Peripheral,Passenger_vehicle,Poco trafico,No,green,B,0
0,0.348678862,0,Sunday,M,0-19,12:00 a 13:59,1,50km/h,No,Yes,No,Street,Passenger_vehicle,Trafico moderado,No,green,MB,0
0,0.292986425,3,Monday,M,60-69,12:00 a 13:59,2,50km/h,No,Yes,No,Street,Passenger_vehicle,Trafico moderado,No,green,B,1
0,0.575396825,0,Sunday,M,20-29,14:00 a 15:59,2,50km/h,No,Yes,No,Street,Private_car,Trafico moderado,No,red,MB,0
0,0.347503815,0,Wednesday,M,60-69,14:00 a 15:59,1,50km/h,No,Yes,No,Avenue,Passenger_vehicle,Trafico moderado,No,green,MB,0
515,0.580645161,3,Monday,M,50-59,16:00 a 17:59,2,50km/h,Yes,Yes,No,Avenue,Truck,Poco trafico,Yes,orange,MA,0
0,0.272709216,0,Tuesday,M,30-39,18:00 a 19:59,2,50km/h,No,Yes,No,Avenue,Passenger_vehicle,Trafico moderado,No,green,B,1
0,0.297310279,0,Tuesday,M,20-29,08:00 a 09:59,1,50km/h,No,Yes,No,Street,Passenger_vehicle,Trafico moderado,No,green,B,0
0,0,0,Wednesday,M,0-19,22:00 a 23:59,1,50km/h,No,No,No,Street,Truck,Mucho trafico,No,green,B,0
0,0.25,1,Friday,M,60-69,12:00 a 13:59,3,50km/h,No,Yes,No,Avenue,Train,Poco trafico,No,green,B,0
76,0.26701278,1,Saturday,M,50-59,0:00 a 01:59,4,50km/h,No,Yes,Yes,Avenue,Truck,Poco trafico,Yes,green,B,0
0,0.269125683,0,Tuesday,M,30-39,08:00 a 09:59,4,50km/h,No,Yes,No,Avenue,Passenger_vehicle,Poco trafico,No,green,B,0
2596,0.491467995,5,Thursday,M,50-59,14:00 a 15:59,3,50km/h,Yes,Yes,Yes,Avenue,Passenger_vehicle,Trafico moderado,Yes,green,MA,0
0,0.328263989,0,Wednesday,F,30-39,16:00 a 17:59,3,50km/h,No,Yes,Yes,Avenue,Passenger_vehicle,Trafico moderado,No,green,B,0
0,0.596696697,2,Saturday,M,20-29,08:00 a 09:59,2,50km/h,No,Yes,No,Street,Passenger_vehicle,Poco trafico,No,red,MA,0
0,0.530433612,2,Tuesday,M,60-69,16:00 a 17:59,2,50km/h,No,Yes,No,Street,Passenger_vehicle,Mucho trafico,No,orange,MA,0
51,0.350934579,0,Wednesday,F,40-49,14:00 a 15:59,2,50km/h,No,Yes,No,Avenue,Multiple_collision,Poco trafico,Yes,green,MB,0
3,0.25,1,Saturday,M,50-59,16:00 a 17:59,3,50km/h,No,Yes,Yes,Avenue,Private_car,Poco trafico,Yes,green,B,0
0,0.331726704,4,Saturday,M,0-19,20:00 a 21:59,4,60km/h,No,Yes,No,Highway,Private_car,Trafico moderado,No,green,B,0
0,0.356772009,2,Monday,M,50-59,20:00 a 21:59,3,50km/h,No,Yes,No,Avenue,Multiple_collision,Poco trafico,No,green,MB,0
0,0.278255264,0,Wednesday,M,20-29,10:00 a 11:59,2,50km/h,No,Yes,No,Avenue,Private_car,Poco trafico,No,green,B,0
0,0.330661323,1,Wednesday,M,30-39,18:00 a 19:59,2,50km/h,Yes,Yes,No,Avenue,Private_car,Poco trafico,No,green,MB,0
406,0.339501693,0,Wednesday,M,30-39,10:00 a 11:59,3,50km/h,Yes,Yes,No,Avenue,Truck,Poco trafico,Yes,green,B,0
0,0.25,0,Thursday,M,30-39,0:00 a 01:59,3,80km/h,No,Yes,No,Peripheral,Private_car,Poco trafico,No,green,B,0
0,0,1,Thursday,M,0-19,18:00 a 19:59,1,50km/h,No,Yes,No,Street,Passenger_vehicle,Poco trafico,No,green,B,1
0,0.31827853,2,Thursday,F,50-59,10:00 a 11:59,2,50km/h,No,Yes,No,Street,Passenger_vehicle,Trafico moderado,No,green,MB,0
0,0.288217213,1,Wednesday,M,30-39,22:00 a 23:59,4,80km/h,No,Yes,No,Peripheral,Private_car,Poco trafico,No,green,B,1
0,0.316424647,1,Monday,M,20-29,18:00 a 19:59,3,50km/h,No,Yes,No,Avenue,Truck,Trafico moderado,No,green,MB,1
235,0.299037865,3,Wednesday,M,0-19,18:00 a 19:59,1,50km/h,No,Yes,No,Street,Passenger_vehicle,Poco trafico,Yes,green,B,0
0,0.376765299,0,Sunday,F,30-39,18:00 a 19:59,3,50km/h,No,Yes,Yes,Avenue,Private_car,Poco trafico,No,green,MB,0
459,0.25,0,Monday,M,20-29,20:00 a 21:59,1,50km/h,No,Yes,No,Street,Passenger_vehicle,Poco trafico,Yes,green,B,0
247,0.25,1,Monday,M,50-59,18:00 a 19:59,2,50km/h,No,Yes,No,Avenue,Private_car,Trafico moderado,Yes,green,B,0
0,0.307502596,0,Thursday,M,20-29,10:00 a 11:59,2,50km/h,No,Yes,No,Avenue,Multiple_collision,Trafico moderado,No,green,B,0
0,0.443382801,0,Saturday,F,50-59,12:00 a 13:59,2,50km/h,Yes,Yes,Yes,Avenue,Truck,Poco trafico,No,orange,MB,0
0,0,0,Tuesday,M,50-59,06:00 a 07:59,1,50km/h,No,No,No,Street,Private_car,Poco trafico,No,green,B,0
2418,0.442616775,4,Tuesday,M,20-29,14:00 a 15:59,3,50km/h,Yes,Yes,Yes,Avenue,Private_car,Trafico moderado,Yes,green,MB,0
0,0.310416667,0,Thursday,M,0-19,16:00 a 17:59,2,50km/h,No,Yes,No,Street,Private_car,Trafico moderado,No,green,B,0
0,0.260006111,1,Friday,M,0-19,0:00 a 01:59,5,40km/h,No,Yes,Yes,Avenue,Private_car,Poco trafico,No,green,B,0
0,0.25,1,Thursday,F,30-39,22:00 a 23:59,2,50km/h,No,Yes,No,Avenue,Private_car,Poco trafico,No,green,B,1
0,0.413706674,1,Thursday,M,60-69,16:00 a 17:59,2,50km/h,No,Yes,No,Avenue,Private_car,Poco trafico,No,green,MB,0
0,0,0,Thursday,F,30-39,22:00 a 23:59,2,50km/h,No,Yes,No,Street,Truck,Poco trafico,No,green,B,1
606,0.25,0,Monday,F,20-29,14:00 a 15:59,3,50km/h,Yes,Yes,No,Avenue,Passenger_vehicle,Trafico moderado,Yes,green,B,0
626,0.300607051,3,Tuesday,M,60-69,16:00 a 17:59,2,50km/h,No,Yes,No,Avenue,Private_car,Poco trafico,Yes,green,B,0
0,0.875647668,0,Thursday,M,0-19,08:00 a 09:59,4,50km/h,No,Yes,No,Avenue,Private_car,Trafico moderado,No,red_wine,A,0
1629,0.429855185,2,Monday,M,60-69,20:00 a 21:59,1,50km/h,No,Yes,Yes,Street,Passenger_vehicle,Poco trafico,Yes,green,MB,0
0,0,1,Friday,F,20-29,18:00 a 19:59,2,50km/h,No,No,No,Avenue,Truck,Trafico moderado,No,green,B,0
0,0.384271357,4,Sunday,M,30-39,14:00 a 15:59,3,50km/h,No,Yes,Yes,Avenue,Passenger_vehicle,Poco trafico,No,green,MB,0
0,0.297539771,1,Wednesday,M,60-69,10:00 a 11:59,2,50km/h,No,Yes,No,Street,Truck,Poco trafico,No,green,B,0
0,0.286647828,0,Monday,M,60-69,22:00 a 23:59,3,50km/h,No,Yes,Yes,Avenue,Passenger_vehicle,Poco trafico,No,green,B,1
0,0.377916225,0,Friday,M,30-39,16:00 a 17:59,2,50km/h,No,Yes,No,Avenue,Private_car,Poco trafico,No,green,MB,0
0,0.272354015,0,Thursday,M,50-59,06:00 a 07:59,1,50km/h,No,No,No,Street,Private_car,Poco trafico,No,green,B,0
294,0.424917492,0,Sunday,M,40-49,18:00 a 19:59,1,30km/h,No,Yes,No,Street,Passenger_vehicle,Poco trafico,Yes,green,MB,0
670,0.277390091,0,Sunday,M,30-39,16:00 a 17:59,1,50km/h,No,Yes,No,Street,Passenger_vehicle,Poco trafico,Yes,green,B,0
8,0.366197183,0,Friday,M,20-29,18:00 a 19:59,3,50km/h,No,Yes,Yes,Avenue,Multiple_collision,Poco trafico,Yes,green,MB,0
0,0.252849003,0,Tuesday,F,20-29,08:00 a 09:59,1,60km/h,No,Yes,No,Highway,Private_car,Poco trafico,No,green,B,0
55,0.25,0,Thursday,M,30-39,18:00 a 19:59,2,50km/h,No,Yes,No,Avenue,Passenger_vehicle,Trafico moderado,Yes,green,B,1
1597,0.352116548,2,Friday,M,50-59,16:00 a 17:59,2,50km/h,No,Yes,Yes,Street,Multiple_collision,Poco trafico,Yes,green,MB,1
0,0.309975962,1,Sunday,M,20-29,14:00 a 15:59,4,50km/h,No,Yes,Yes,Avenue,Passenger_vehicle,Poco trafico,No,green,B,0
0,0.403610108,3,Thursday,M,20-29,20:00 a 21:59,6,50km/h,Yes,Yes,Yes,Avenue,Passenger_vehicle,Poco trafico,No,orange,MB,0
0,0.334783414,0,Wednesday,M,60-69,18:00 a 19:59,1,50km/h,No,No,No,Street,Multiple_collision,Trafico moderado,No,green,MB,0
0,0.333455702,0,Thursday,M,40-49,22:00 a 23:59,1,50km/h,No,Yes,No,Street,Passenger_vehicle,Poco trafico,No,green,MB,1
0,0.358904465,0,Thursday,M,30-39,16:00 a 17:59,1,50km/h,No,Yes,No,Street,Passenger_vehicle,Trafico moderado,No,green,MB,1
5,0.272317597,0,Saturday,M,50-59,0:00 a 01:59,2,50km/h,No,Yes,Yes,Avenue,Private_car,Poco trafico,Yes,green,B,1
0,0.25,1,Saturday,M,20-29,22:00 a 23:59,2,50km/h,No,Yes,No,Street,Multiple_collision,Poco trafico,No,green,B,0
779,0.305094648,3,Saturday,M,20-29,14:00 a 15:59,2,50km/h,No,Yes,No,Street,Truck,Poco trafico,Yes,green,B,0
415,0.485007496,1,Friday,F,20-29,18:00 a 19:59,1,50km/h,No,Yes,Yes,Street,Private_car,Trafico moderado,Yes,orange,MA,0
0,0.3078203,3,Saturday,M,0-19,10:00 a 11:59,1,50km/h,No,Yes,No,Street,Multiple_collision,Trafico moderado,No,green,B,0
21,0.421189591,0,Tuesday,M,0-19,16:00 a 17:59,2,50km/h,No,Yes,No,Street,Passenger_vehicle,Trafico moderado,Yes,orange,MB,0
0,0.382175387,1,Wednesday,M,30-39,20:00 a 21:59,2,50km/h,No,Yes,Yes,Avenue,Multiple_collision,Poco trafico,No,green,MB,0
0,0.386057499,2,Wednesday,M,0-19,18:00 a 19:59,2,50km/h,No,Yes,Yes,Avenue,Private_car,Poco trafico,No,green,MB,0
0,0.259834776,0,Friday,M,30-39,10:00 a 11:59,6,60km/h,No,Yes,Yes,Avenue,Multiple_collision,Poco trafico,No,green,B,0
0,0.346544926,0,Friday,M,30-39,16:00 a 17:59,6,50km/h,No,Yes,Yes,Avenue,Multiple_collision,Poco trafico,No,green,B,0
0,0.316593886,0,Saturday,M,0-19,12:00 a 13:59,2,50km/h,No,Yes,No,Avenue,Private_car,Trafico moderado,No,green,B,0
0,0.25,0,Monday,F,20-29,10:00 a 11:59,3,50km/h,Yes,Yes,Yes,Avenue,Multiple_collision,Poco trafico,No,green,B,0
0,0.345862069,0,Monday,M,20-29,08:00 a 09:59,2,50km/h,No,Yes,No,Avenue,Passenger_vehicle,Poco trafico,No,green,MB,0
0,0.25,0,Wednesday,M,20-29,18:00 a 19:59,1,50km/h,No,Yes,No,Street,Multiple_collision,Poco trafico,No,green,B,0
0,0.451010043,0,Sunday,M,0-19,18:00 a 19:59,1,50km/h,No,Yes,Yes,Street,Passenger_vehicle,Trafico moderado,No,green,MB,0
0,0.355902778,0,Friday,M,0-19,16:00 a 17:59,3,50km/h,No,Yes,Yes,Avenue,Passenger_vehicle,Poco trafico,No,green,MB,0
76,0.260789814,1,Wednesday,M,50-59,08:00 a 09:59,4,50km/h,Yes,Yes,Yes,Avenue,Passenger_vehicle,Poco trafico,Yes,green,B,0
0,0.403702667,1,Wednesday,M,20-29,14:00 a 15:59,3,50km/h,No,Yes,No,Avenue,Multiple_collision,Trafico moderado,No,orange,MB,0
0,0.25,1,Tuesday,M,0-19,10:00 a 11:59,3,50km/h,Yes,Yes,Yes,Avenue,Passenger_vehicle,Poco trafico,No,green,B,0
1029,0.355351378,2,Saturday,M,30-39,16:00 a 17:59,3,50km/h,Yes,Yes,Yes,Avenue,Multiple_collision,Poco trafico,Yes,green,MB,0
0,0.39740566,0,Tuesday,M,20-29,10:00 a 11:59,1,50km/h,No,Yes,No,Street,Passenger_vehicle,Poco trafico,No,green,MB,0
2,0.25,0,Wednesday,M,0-19,22:00 a 23:59,3,50km/h,No,Yes,Yes,Avenue,Passenger_vehicle,Poco trafico,Yes,green,B,1
0,0.325942066,0,Monday,M,0-19,16:00 a 17:59,6,60km/h,No,Yes,Yes,Peripheral,Passenger_vehicle,Poco trafico,No,green,B,0
305,0.329658347,2,Saturday,F,20-29,18:00 a 19:59,3,50km/h,No,Yes,Yes,Avenue,Passenger_vehicle,Poco trafico,Yes,green,B,0
8,0.374289324,0,Monday,M,40-49,22:00 a 23:59,6,60km/h,No,Yes,No,Peripheral,Private_car,Poco trafico,Yes,green,MB,1
2,0.25,0,Friday,M,40-49,18:00 a 19:59,2,50km/h,No,Yes,No,Avenue,Passenger_vehicle,Trafico moderado,Yes,green,B,1
0,0.333333333,0,Saturday,M,20-29,08:00 a 09:59,4,40km/h,No,Yes,Yes,Highway,Multiple_collision,Poco trafico,No,green,MB,0
0,0.5,0,Thursday,M,20-29,18:00 a 19:59,1,50km/h,No,No,No,Street,Passenger_vehicle,Trafico moderado,No,orange,MB,0
214,0.280468574,6,Tuesday,M,70+,10:00 a 11:59,3,50km/h,No,Yes,No,Avenue,Private_car,Poco trafico,Yes,green,B,1
214,0.442128341,6,Tuesday,M,60-69,10:00 a 11:59,3,60km/h,No,Yes,Yes,Avenue,Private_car,Poco trafico,Yes,green,MB,0
2323,0.30847014,6,Monday,M,30-39,18:00 a 19:59,3,50km/h,No,Yes,Yes,Avenue,Multiple_collision,Trafico moderado,Yes,green,B,0
0,0,0,Monday,M,60-69,22:00 a 23:59,1,50km/h,No,No,No,Street,Private_car,Poco trafico,No,green,B,1
0,0.250487567,2,Tuesday,M,40-49,08:00 a 09:59,4,80km/h,No,Yes,Yes,Peripheral,Private_car,Poco trafico,No,green,B,0
108,0.309950637,2,Wednesday,M,60-69,08:00 a 09:59,2,50km/h,No,Yes,Yes,Street,Passenger_vehicle,Poco trafico,Yes,green,B,1
250,0.32257109,1,Tuesday,F,20-29,0:00 a 01:59,1,50km/h,No,Yes,No,Street,Private_car,Trafico moderado,Yes,green,MB,0
0,0.31063907,2,Friday,M,30-39,10:00 a 11:59,4,80km/h,No,Yes,Yes,Peripheral,Private_car,Poco trafico,No,green,B,0
0,0.25,0,Sunday,M,30-39,12:00 a 13:59,2,80km/h,No,Yes,No,Highway,Passenger_vehicle,Trafico moderado,No,green,B,0
0,0.280446123,0,Sunday,M,20-29,14:00 a 15:59,2,50km/h,No,No,No,Avenue,Private_car,Poco trafico,No,green,B,0
0,0.5,1,Sunday,M,70+,08:00 a 09:59,2,50km/h,No,Yes,No,Avenue,Passenger_vehicle,Poco trafico,No,orange,MB,1
0,0,1,Sunday,M,60-69,08:00 a 09:59,1,50km/h,No,Yes,No,Street,Passenger_vehicle,Poco trafico,No,green,B,1
23,0.392433234,0,Monday,M,60-69,20:00 a 21:59,2,50km/h,No,No,No,Street,Private_car,Mucho trafico,Yes,orange,MB,0
1479,0.417955326,4,Friday,M,30-39,10:00 a 11:59,2,50km/h,Yes,Yes,No,Avenue,Private_car,Trafico moderado,Yes,green,MB,0
0,0.292292683,1,Tuesday,M,50-59,16:00 a 17:59,5,50km/h,No,Yes,Yes,Avenue,Passenger_vehicle,Poco trafico,No,green,B,1
1990,0.365006279,2,Wednesday,F,20-29,10:00 a 11:59,1,50km/h,Yes,Yes,No,Street,Multiple_collision,Poco trafico,Yes,green,MB,0
335,0.25,2,Wednesday,M,20-29,06:00 a 07:59,6,60km/h,No,Yes,No,Peripheral,Private_car,Poco trafico,Yes,green,B,0
0,0.405787553,2,Friday,M,40-49,06:00 a 07:59,3,50km/h,No,Yes,Yes,Avenue,Private_car,Poco trafico,No,green,MB,0
0,0.273920653,2,Monday,M,20-29,20:00 a 21:59,2,50km/h,No,Yes,No,Street,Passenger_vehicle,Poco trafico,No,green,B,0
179,0.305168986,4,Tuesday,M,20-29,12:00 a 13:59,3,50km/h,No,Yes,No,Avenue,Private_car,Poco trafico,Yes,green,B,0
0,0.313308105,0,Thursday,M,0-19,12:00 a 13:59,1,40km/h,No,Yes,No,Avenue,Private_car,Trafico moderado,No,green,MB,0
1581,0.416666667,3,Thursday,M,20-29,10:00 a 11:59,4,50km/h,No,Yes,No,Avenue,Multiple_collision,Poco trafico,Yes,orange,MB,0
449,0.315208065,0,Monday,M,20-29,14:00 a 15:59,1,50km/h,Yes,Yes,No,Street,Multiple_collision,Poco trafico,Yes,green,MB,0
0,0.385907265,4,Friday,M,0-19,12:00 a 13:59,1,50km/h,No,Yes,No,Street,Passenger_vehicle,Trafico moderado,No,orange,MB,0
0,0.301960281,1,Wednesday,M,30-39,18:00 a 19:59,2,50km/h,No,Yes,No,Avenue,Passenger_vehicle,Trafico moderado,No,green,B,0
135,0.25,0,Friday,M,50-59,08:00 a 09:59,1,50km/h,No,No,No,Street,Multiple_collision,Mucho trafico,Yes,green,B,0
0,0.25,0,Saturday,M,30-39,10:00 a 11:59,3,60km/h,No,Yes,No,Highway,Multiple_collision,Poco trafico,No,green,B,0
0,0.295500404,2,Monday,M,50-59,12:00 a 13:59,4,60km/h,No,Yes,Yes,Avenue,Multiple_collision,Poco trafico,No,green,B,0
0,0.25,0,Thursday,M,20-29,12:00 a 13:59,3,60km/h,No,Yes,No,Avenue,Bicycle,Trafico moderado,No,green,B,0
97,0.422552167,1,Wednesday,M,40-49,06:00 a 07:59,1,50km/h,No,No,No,Street,Multiple_collision,Poco trafico,Yes,green,MA,0
0,0.266590214,1,Thursday,F,20-29,20:00 a 21:59,4,60km/h,No,Yes,No,Avenue,Passenger_vehicle,Poco trafico,No,green,B,0
0,0.2576062,0,Tuesday,M,0-19,22:00 a 23:59,2,50km/h,No,Yes,No,Avenue,Passenger_vehicle,Poco trafico,No,green,B,0
1873,0.334994844,4,Thursday,M,0-19,16:00 a 17:59,3,50km/h,Yes,Yes,Yes,Avenue,Private_car,Trafico moderado,Yes,green,MB,0
0,0.33584295,0,Saturday,M,0-19,18:00 a 19:59,2,50km/h,No,Yes,No,Street,Multiple_collision,Trafico moderado,No,green,MB,0
0,0,1,Wednesday,M,60-69,10:00 a 11:59,1,50km/h,No,No,No,Street,Truck,Poco trafico,No,green,B,1
1620,0.488017287,2,Wednesday,M,30-39,12:00 a 13:59,3,50km/h,Yes,Yes,Yes,Avenue,Passenger_vehicle,Trafico moderado,Yes,green,MB,0
0,0.529729319,0,Thursday,M,20-29,10:00 a 11:59,3,50km/h,No,Yes,No,Avenue,Truck,Poco trafico,No,orange,MA,0
0,0.334100625,3,Tuesday,M,0-19,10:00 a 11:59,3,50km/h,Yes,Yes,Yes,Avenue,Private_car,Poco trafico,No,green,B,0
0,0.25,0,Friday,M,0-19,16:00 a 17:59,1,50km/h,No,Yes,No,Street,Passenger_vehicle,Poco trafico,No,green,B,1
0,0.430149284,0,Monday,M,20-29,14:00 a 15:59,2,50km/h,No,Yes,No,Street,Private_car,Trafico moderado,No,green,MB,0
0,0.295638489,1,Monday,M,20-29,10:00 a 11:59,3,50km/h,No,Yes,Yes,Avenue,Private_car,Trafico moderado,No,green,B,0
0,0.367260692,2,Tuesday,M,30-39,12:00 a 13:59,5,50km/h,No,Yes,Yes,Avenue,Private_car,Poco trafico,No,green,MB,0
162,0.282695125,2,Monday,M,30-39,0:00 a 01:59,4,50km/h,No,Yes,No,Avenue,Passenger_vehicle,Poco trafico,Yes,green,B,1
0,0.25,1,Tuesday,M,40-49,10:00 a 11:59,3,50km/h,No,No,No,Avenue,Multiple_collision,Poco trafico,No,green,B,0
0,0.340607846,5,Monday,M,0-19,20:00 a 21:59,4,50km/h,No,Yes,Yes,Avenue,Passenger_vehicle,Poco trafico,No,green,MB,0
0,0.339155844,0,Tuesday,M,0-19,12:00 a 13:59,1,50km/h,No,Yes,No,Street,Private_car,Trafico moderado,No,green,B,0
30,0.287511131,0,Thursday,M,0-19,22:00 a 23:59,3,50km/h,No,Yes,Yes,Avenue,Private_car,Poco trafico,Yes,green,B,0
165,0.309950637,2,Sunday,M,60-69,08:00 a 09:59,3,50km/h,Yes,Yes,Yes,Avenue,Passenger_vehicle,Poco trafico,Yes,green,B,1
0,0.25,0,Tuesday,M,60-69,22:00 a 23:59,2,50km/h,No,Yes,No,Avenue,Passenger_vehicle,Poco trafico,No,green,B,0
0,0.737859267,0,Monday,M,60-69,12:00 a 13:59,1,50km/h,No,Yes,No,Street,Truck,Trafico moderado,No,red,A,1
0,0.310443565,0,Sunday,M,30-39,10:00 a 11:59,3,50km/h,No,Yes,Yes,Avenue,Private_car,Trafico moderado,No,green,B,0
251,0.529409491,0,Wednesday,F,20-29,18:00 a 19:59,2,50km/h,No,Yes,No,Avenue,Passenger_vehicle,Poco trafico,Yes,red,MB,0
0,0.356679118,0,Saturday,F,20-29,22:00 a 23:59,3,50km/h,No,Yes,Yes,Avenue,Private_car,Poco trafico,No,green,MB,0
353,0.268102224,1,Wednesday,F,20-29,14:00 a 15:59,3,50km/h,No,Yes,Yes,Avenue,Private_car,Poco trafico,Yes,green,B,0
0,0.42263192,0,Sunday,M,20-29,16:00 a 17:59,2,50km/h,No,Yes,Yes,Avenue,Passenger_vehicle,Trafico moderado,No,green,MB,1
0,0.410354284,0,Saturday,M,60-69,14:00 a 15:59,1,50km/h,No,Yes,No,Avenue,Passenger_vehicle,Trafico moderado,No,green,MB,0
528,0.379293263,1,Thursday,M,30-39,16:00 a 17:59,1,50km/h,No,Yes,No,Street,Private_car,Trafico moderado,Yes,green,MB,0
0,0.38185307,0,Friday,M,0-19,16:00 a 17:59,3,80km/h,No,Yes,Yes,Avenue,Private_car,Poco trafico,No,green,MB,0
179,0.280413762,8,Sunday,M,50-59,06:00 a 07:59,3,50km/h,Yes,Yes,Yes,Avenue,Private_car,Poco trafico,Yes,green,B,0
266,0.342048864,0,Monday,M,20-29,14:00 a 15:59,3,50km/h,No,Yes,No,Street,Passenger_vehicle,Trafico moderado,Yes,green,MB,0
0,0.276809429,2,Wednesday,M,20-29,22:00 a 23:59,6,60km/h,No,Yes,Yes,Peripheral,Private_car,Poco trafico,No,green,B,0
608,0.385956246,3,Saturday,M,60-69,14:00 a 15:59,3,50km/h,No,Yes,Yes,Avenue,Private_car,Trafico moderado,Yes,green,MB,0
0,0.493378025,0,Thursday,M,0-19,18:00 a 19:59,1,50km/h,No,Yes,No,Street,Passenger_vehicle,Trafico moderado,No,orange,MA,0
0,0.25,0,Thursday,M,20-29,20:00 a 21:59,2,40km/h,No,Yes,No,Street,Private_car,Trafico moderado,No,green,B,0
239,0.394703097,2,Friday,F,20-29,12:00 a 13:59,2,50km/h,No,No,No,Avenue,Truck,Trafico moderado,Yes,green,MB,1
0,0.348103187,1,Friday,F,60-69,16:00 a 17:59,3,50km/h,No,Yes,Yes,Avenue,Passenger_vehicle,Poco trafico,No,green,MB,1
0,0.346041242,5,Tuesday,F,0-19,12:00 a 13:59,1,50km/h,No,Yes,No,Street,Truck,Mucho trafico,No,green,MB,0
0,0.325913146,0,Thursday,M,20-29,10:00 a 11:59,2,50km/h,No,Yes,No,Avenue,Passenger_vehicle,Poco trafico,No,green,MB,0
0,0,0,Thursday,M,60-69,06:00 a 07:59,1,50km/h,No,No,No,Street,Truck,Poco trafico,No,green,B,0
5,0.490485252,0,Tuesday,M,60-69,12:00 a 13:59,4,50km/h,No,Yes,Yes,Avenue,Passenger_vehicle,Trafico moderado,Yes,orange,MA,0
0,0.404705182,1,Monday,M,30-39,16:00 a 17:59,1,50km/h,No,No,No,Street,Private_car,Trafico moderado,No,green,MB,0
0,0.428740741,0,Monday,M,0-19,08:00 a 09:59,1,50km/h,No,Yes,Yes,Avenue,Passenger_vehicle,Poco trafico,No,orange,MB,0
0,0.371960117,0,Thursday,M,40-49,08:00 a 09:59,3,50km/h,No,Yes,Yes,Avenue,Passenger_vehicle,Poco trafico,No,green,MB,0
0,0.289566187,0,Tuesday,M,60-69,22:00 a 23:59,1,50km/h,No,Yes,No,Street,Passenger_vehicle,Poco trafico,No,green,B,1
854,0.360701107,0,Tuesday,M,20-29,08:00 a 09:59,3,50km/h,Yes,Yes,Yes,Avenue,Private_car,Poco trafico,Yes,green,B,0
0,0.330098684,3,Thursday,M,0-19,06:00 a 07:59,6,50km/h,No,Yes,Yes,Avenue,Private_car,Poco trafico,No,green,MB,0
457,0.31092437,1,Monday,F,30-39,08:00 a 09:59,1,50km/h,No,No,No,Street,Private_car,Poco trafico,Yes,green,B,0
545,0.294451352,2,Wednesday,M,60-69,10:00 a 11:59,1,50km/h,No,Yes,No,Street,Passenger_vehicle,Trafico moderado,Yes,green,B,0
0,0.473364979,0,Wednesday,M,60-69,12:00 a 13:59,1,50km/h,No,No,No,Street,Truck,Trafico moderado,No,green,MA,0
629,0.260108595,2,Friday,M,60-69,12:00 a 13:59,3,50km/h,Yes,Yes,Yes,Avenue,Private_car,Poco trafico,Yes,green,B,0
0,0,3,Monday,M,50-59,20:00 a 21:59,3,50km/h,No,Yes,No,Street,Passenger_vehicle,Poco trafico,No,green,B,0
0,0.328749124,1,Tuesday,F,20-29,18:00 a 19:59,4,50km/h,No,Yes,Yes,Avenue,Truck,Poco trafico,No,green,B,1
214,0.38705104,6,Tuesday,M,60-69,12:00 a 13:59,3,60km/h,Yes,Yes,Yes,Avenue,Passenger_vehicle,Poco trafico,Yes,green,MB,0
2,0.30604534,1,Wednesday,M,50-59,06:00 a 07:59,3,50km/h,No,Yes,No,Avenue,Private_car,Poco trafico,Yes,green,B,0
0,0.524483776,0,Thursday,M,30-39,16:00 a 17:59,1,50km/h,No,Yes,No,Street,Multiple_collision,Mucho trafico,No,orange,MA,0
0,0.268841039,0,Saturday,M,40-49,20:00 a 21:59,2,50km/h,No,Yes,No,Avenue,Passenger_vehicle,Poco trafico,No,green,B,0
0,0.368988302,2,Saturday,M,50-59,08:00 a 09:59,5,60km/h,No,Yes,No,Peripheral,Private_car,Trafico moderado,No,green,MB,0
0,0.268829027,2,Tuesday,M,20-29,12:00 a 13:59,3,50km/h,No,Yes,Yes,Avenue,Multiple_collision,Poco trafico,No,green,B,0
0,0.390141431,0,Wednesday,M,20-29,14:00 a 15:59,3,50km/h,No,Yes,Yes,Avenue,Truck,Poco trafico,No,green,MB,0
0,0.328921885,5,Friday,M,60-69,14:00 a 15:59,5,50km/h,No,Yes,Yes,Avenue,Truck,Trafico moderado,No,green,MB,1
337,0.355323368,1,Saturday,M,20-29,10:00 a 11:59,1,50km/h,No,Yes,No,Street,Passenger_vehicle,Trafico moderado,Yes,green,MB,0
0,0.428707554,4,Tuesday,M,40-49,10:00 a 11:59,3,50km/h,No,Yes,Yes,Avenue,Passenger_vehicle,Poco trafico,No,green,MA,0
330,0.25,0,Friday,M,20-29,08:00 a 09:59,3,50km/h,Yes,Yes,Yes,Avenue,Private_car,Poco trafico,Yes,green,B,0
0,0.402907141,0,Monday,M,40-49,08:00 a 09:59,4,50km/h,No,Yes,No,Avenue,Truck,Trafico moderado,No,green,MB,0
0,0.333019224,2,Tuesday,M,40-49,08:00 a 09:59,3,50km/h,No,Yes,Yes,Avenue,Multiple_collision,Poco trafico,No,green,MB,0
0,0.500502816,1,Thursday,M,60-69,12:00 a 13:59,2,50km/h,No,Yes,No,Avenue,Passenger_vehicle,Trafico moderado,No,orange,MB,0
0,0.329463266,0,Saturday,M,50-59,16:00 a 17:59,2,50km/h,Yes,No,No,Avenue,Truck,Trafico moderado,No,green,MB,0
0,0.25,0,Tuesday,M,40-49,18:00 a 19:59,3,50km/h,No,Yes,No,Avenue,Private_car,Poco trafico,No,green,B,0
483,0.25,2,Monday,M,20-29,08:00 a 09:59,3,50km/h,Yes,Yes,Yes,Avenue,Multiple_collision,Poco trafico,Yes,green,B,0
0,0.302034429,0,Monday,F,20-29,06:00 a 07:59,2,50km/h,Yes,Yes,No,Avenue,Passenger_vehicle,Poco trafico,No,green,B,0
410,0.434382666,3,Thursday,M,30-39,14:00 a 15:59,3,50km/h,No,Yes,Yes,Avenue,Private_car,Trafico moderado,Yes,orange,MB,0
0,0.333333333,0,Saturday,M,60-69,10:00 a 11:59,2,50km/h,No,Yes,No,Street,Truck,Trafico moderado,No,green,MB,0
0,0.328921885,5,Saturday,M,20-29,14:00 a 15:59,5,50km/h,No,Yes,Yes,Avenue,Passenger_vehicle,Trafico moderado,No,green,MB,1
417,0.25,2,Wednesday,M,30-39,0:00 a 01:59,4,50km/h,Yes,Yes,Yes,Avenue,Private_car,Poco trafico,Yes,green,B,0
0,0.25,0,Friday,M,60-69,12:00 a 13:59,2,80km/h,No,Yes,No,Highway,Passenger_vehicle,Poco trafico,No,green,B,1
0,0,0,Monday,M,20-29,08:00 a 09:59,2,50km/h,No,Yes,No,Street,Passenger_vehicle,Poco trafico,No,green,B,1
1526,0.379020138,2,Wednesday,M,20-29,16:00 a 17:59,4,50km/h,No,Yes,No,Avenue,Truck,Poco trafico,Yes,green,MB,0
0,0.300581536,0,Tuesday,M,20-29,18:00 a 19:59,4,50km/h,No,Yes,Yes,Street,Private_car,Trafico moderado,No,green,B,0
0,0.349314585,0,Thursday,M,40-49,08:00 a 09:59,1,50km/h,No,Yes,Yes,Street,Private_car,Poco trafico,No,green,MB,0
0,0.25,1,Thursday,M,20-29,10:00 a 11:59,2,50km/h,No,Yes,No,Avenue,Passenger_vehicle,Poco trafico,No,green,B,0
0,0,0,Tuesday,M,0-19,18:00 a 19:59,1,50km/h,No,No,No,Street,Truck,Poco trafico,No,green,B,1
1256,0.25,0,Friday,M,20-29,20:00 a 21:59,3,50km/h,Yes,Yes,Yes,Avenue,Private_car,Poco trafico,Yes,green,B,0
0,0.25,0,Thursday,M,50-59,08:00 a 09:59,2,50km/h,No,Yes,No,Street,Truck,Poco trafico,No,green,B,0
239,0.295420925,2,Tuesday,F,20-29,14:00 a 15:59,3,50km/h,Yes,Yes,Yes,Avenue,Truck,Poco trafico,Yes,green,B,0
5,0.332148627,0,Sunday,M,50-59,16:00 a 17:59,6,60km/h,No,Yes,Yes,Peripheral,Private_car,Poco trafico,Yes,green,B,0
179,0.343477503,8,Saturday,M,30-39,16:00 a 17:59,3,50km/h,Yes,Yes,No,Avenue,Multiple_collision,Poco trafico,Yes,green,B,0
0,0.284892723,0,Monday,M,30-39,08:00 a 09:59,3,50km/h,No,Yes,No,Avenue,Private_car,Poco trafico,No,green,B,1
0,0.25,0,Sunday,F,0-19,12:00 a 13:59,5,60km/h,No,Yes,No,Avenue,Passenger_vehicle,Trafico moderado,No,green,B,0
542,0.512930039,2,Thursday,M,0-19,18:00 a 19:59,1,50km/h,No,Yes,Yes,Street,Passenger_vehicle,Poco trafico,Yes,orange,MA,0
0,0.277090695,0,Friday,M,50-59,0:00 a 01:59,2,50km/h,No,Yes,No,Avenue,Private_car,Poco trafico,No,green,B,1
0,0.25,1,Saturday,M,30-39,06:00 a 07:59,5,60km/h,No,Yes,No,Avenue,Private_car,Poco trafico,No,green,B,0
0,0.28825079,1,Tuesday,F,20-29,12:00 a 13:59,2,50km/h,No,Yes,Yes,Avenue,Passenger_vehicle,Trafico moderado,No,green,B,0
0,0.34243212,1,Tuesday,M,40-49,16:00 a 17:59,2,50km/h,Yes,Yes,No,Avenue,Truck,Trafico moderado,No,green,B,0
0,0.25,0,Thursday,M,20-29,08:00 a 09:59,3,50km/h,No,Yes,No,Avenue,Private_car,Poco trafico,No,green,B,0
2,0.25,0,Monday,M,30-39,20:00 a 21:59,4,50km/h,No,Yes,No,Avenue,Private_car,Poco trafico,Yes,green,B,0
0,0.335915493,3,Sunday,M,50-59,16:00 a 17:59,6,60km/h,Yes,Yes,Yes,Peripheral,Private_car,Poco trafico,No,green,MB,0
0,0.354868624,4,Wednesday,M,50-59,22:00 a 23:59,4,60km/h,No,Yes,Yes,Highway,Private_car,Poco trafico,No,green,MB,0
0,0.328517588,0,Thursday,M,0-19,22:00 a 23:59,6,60km/h,No,Yes,Yes,Peripheral,Private_car,Poco trafico,No,green,B,1
0,0.416666667,0,Friday,F,20-29,08:00 a 09:59,3,50km/h,No,Yes,Yes,Avenue,Passenger_vehicle,Mucho trafico,No,orange,MB,1
0,0.306508165,1,Saturday,M,0-19,14:00 a 15:59,4,50km/h,No,Yes,Yes,Avenue,Private_car,Poco trafico,No,green,B,0
0,0.37330195,0,Saturday,M,20-29,10:00 a 11:59,3,50km/h,No,Yes,Yes,Avenue,Truck,Poco trafico,No,green,MB,0
0,0.25,3,Wednesday,M,50-59,22:00 a 23:59,4,80km/h,No,Yes,No,Highway,Passenger_vehicle,Poco trafico,No,green,B,1
417,0.25,1,Saturday,M,30-39,22:00 a 23:59,2,50km/h,Yes,Yes,Yes,Avenue,Private_car,Poco trafico,Yes,green,B,0
357,0.2669967,2,Friday,M,0-19,16:00 a 17:59,2,40km/h,Yes,No,No,Street,Private_car,Poco trafico,Yes,green,B,0
0,0.385157744,0,Tuesday,M,40-49,10:00 a 11:59,3,80km/h,No,Yes,No,Highway,Passenger_vehicle,Poco trafico,No,orange,MB,0
0,0.395188396,3,Friday,M,60-69,10:00 a 11:59,6,60km/h,No,Yes,Yes,Avenue,Truck,Trafico moderado,No,green,MB,0
0,0.307103543,3,Monday,F,30-39,08:00 a 09:59,6,60km/h,No,Yes,Yes,Avenue,Train,Poco trafico,No,green,B,0
0,0.25,0,Wednesday,M,20-29,06:00 a 07:59,1,50km/h,No,No,No,Street,Private_car,Poco trafico,No,green,B,0
0,0.371562567,0,Wednesday,M,0-19,08:00 a 09:59,3,50km/h,No,Yes,Yes,Avenue,Truck,Poco trafico,No,green,B,1
724,0.435982478,2,Wednesday,F,0-19,08:00 a 09:59,2,50km/h,No,Yes,Yes,Street,Passenger_vehicle,Poco trafico,Yes,orange,MB,0
0,0,3,Wednesday,M,0-19,08:00 a 09:59,3,50km/h,Yes,Yes,No,Avenue,Truck,Poco trafico,No,green,B,0
0,0.37195572,1,Sunday,M,40-49,20:00 a 21:59,2,50km/h,No,Yes,Yes,Avenue,Private_car,Trafico moderado,No,green,MB,1
0,0.301693227,0,Thursday,M,50-59,16:00 a 17:59,3,50km/h,No,Yes,Yes,Avenue,Private_car,Trafico moderado,No,green,B,0
0,0.299587629,1,Monday,M,20-29,16:00 a 17:59,3,50km/h,No,Yes,Yes,Avenue,Private_car,Poco trafico,No,green,B,0
0,0.451489758,0,Wednesday,M,60-69,18:00 a 19:59,1,50km/h,No,Yes,No,Street,Truck,Trafico moderado,No,orange,MB,1
0,0.294885551,0,Thursday,M,70+,08:00 a 09:59,4,80km/h,No,Yes,Yes,Peripheral,Passenger_vehicle,Poco trafico,No,green,B,1
0,0.374822393,1,,M,40-49,12:00 a 13:59,1,50km/h,No,Yes,No,Street,Passenger_vehicle,Trafico moderado,No,green,MB,1
0,0.372059667,0,Sunday,M,60-69,10:00 a 11:59,3,50km/h,No,Yes,No,Avenue,Train,Poco trafico,No,green,MB,0
21,0.261415461,0,Sunday,M,20-29,16:00 a 17:59,1,50km/h,No,Yes,No,Avenue,Passenger_vehicle,Trafico moderado,Yes,green,B,0
0,0.25,0,Tuesday,M,50-59,08:00 a 09:59,5,60km/h,No,Yes,No,Peripheral,Passenger_vehicle,Trafico moderado,No,green,B,0
0,0.25,0,Sunday,M,40-49,08:00 a 09:59,3,80km/h,No,Yes,No,Highway,Private_car,Poco trafico,No,green,B,1
0,0.317826454,1,Thursday,M,50-59,14:00 a 15:59,2,50km/h,No,Yes,Yes,Avenue,Passenger_vehicle,Poco trafico,No,green,B,1
0,0.40339314,0,Saturday,M,0-19,20:00 a 21:59,1,50km/h,No,Yes,Yes,Avenue,Passenger_vehicle,Poco trafico,No,green,MB,1
265,0.322555469,0,Wednesday,M,20-29,14:00 a 15:59,2,50km/h,Yes,Yes,Yes,Avenue,Passenger_vehicle,Poco trafico,Yes,green,B,1
0,0.28718296,0,Saturday,M,40-49,20:00 a 21:59,1,50km/h,No,Yes,No,Avenue,Passenger_vehicle,Trafico moderado,No,green,B,1
0,0.361884448,0,Monday,M,20-29,08:00 a 09:59,3,50km/h,No,Yes,Yes,Avenue,Truck,Trafico moderado,No,green,MB,1
667,0.372018147,2,Friday,M,40-49,18:00 a 19:59,3,50km/h,Yes,Yes,Yes,Avenue,Truck,Trafico moderado,Yes,green,MB,1
0,0.422370317,1,Thursday,M,60-69,18:00 a 19:59,1,50km/h,No,Yes,No,Street,Passenger_vehicle,Trafico moderado,No,green,MB,1
0,0,0,Saturday,M,30-39,08:00 a 09:59,2,80km/h,No,Yes,No,Highway,Truck,Poco trafico,No,green,B,1
0,0.286601597,0,Friday,M,40-49,0:00 a 01:59,6,60km/h,Yes,Yes,Yes,Peripheral,Private_car,Poco trafico,No,green,B,1
0,0.376188146,0,,M,20-29,12:00 a 13:59,6,60km/h,No,Yes,Yes,Peripheral,Private_car,Poco trafico,No,green,MB,1