id,Bicycle_routes,linear_color_weighting,Previous_accidents,Day,Sex,Age_rangue,Hourly_range,Lanes,Speed_limit,Bikeway,Public_transport,Traffic_light,Street_type,vehicle_type,Traffic_variable,Bicycle_routes_cat,predominant_color,diffuse_logic_traffic,label
4,0,0.352758426,2,Wednesday,F,40-49,18:00 a 19:59,3,50km/h,No,Yes,Yes,Avenue,Passenger_vehicle,Trafico moderado,No,green,MB,1
9,0,0.25,2,Sunday,M,30-39,0:00 a 01:59,3,50km/h,Yes,Yes,No,Avenue,Private_car,Poco trafico,No,green,B,1
15,277,0.29314616,1,Monday,M,50-59,10:00 a 11:59,3,50km/h,Yes,Yes,No,Avenue,Private_car,Poco trafico,Yes,green,B,1
16,0,0.308995454,2,Tuesday,M,50-59,14:00 a 15:59,4,50km/h,No,Yes,No,Avenue,Private_car,Poco trafico,No,green,B,1
19,0,0.377008653,0,Monday,M,,10:00 a 11:59,2,50km/h,No,Yes,Yes,Street,Passenger_vehicle,Trafico moderado,No,green,MB,1
20,0,0.330503029,2,Tuesday,M,70+,20:00 a 21:59,3,50km/h,No,Yes,No,Avenue,Passenger_vehicle,Poco trafico,No,green,MB,1
21,0,0.402813881,1,Wednesday,M,60-69,18:00 a 19:59,1,50km/h,No,Yes,Yes,Street,Truck,Poco trafico,No,green,MB,1
22,0,0.404200621,1,Sunday,M,0-19,18:00 a 19:59,2,50km/h,Yes,Yes,No,Avenue,Truck,Poco trafico,No,green,MB,1
30,0,0.25,0,Sunday,M,50-59,10:00 a 11:59,3,50km/h,No,Yes,Yes,Avenue,Private_car,Trafico moderado,No,green,B,1
37,363,0.331740231,1,Friday,M,50-59,18:00 a 19:59,3,50km/h,No,Yes,Yes,Avenue,Passenger_vehicle,Trafico moderado,Yes,green,B,1
42,0,0,0,Monday,M,20-29,20:00 a 21:59,2,80km/h,No,Yes,No,Highway,Private_car,Poco trafico,No,green,B,1
50,349,0.387744113,1,Sunday,M,30-39,10:00 a 11:59,3,50km/h,No,Yes,Yes,Avenue,Passenger_vehicle,Trafico moderado,Yes,green,MB,1
55,0,0.25,0,Thursday,M,20-29,0:00 a 01:59,5,60km/h,No,Yes,No,Peripheral,,Poco trafico,No,green,B,1
105,0,0.265192308,0,Sunday,M,70+,12:00 a 13:59,3,50km/h,No,Yes,Yes,Avenue,Private_car,Poco trafico,No,green,B,1
108,0,0.341087169,0,Friday,M,0-19,18:00 a 19:59,1,50km/h,No,Yes,No,Street,Passenger_vehicle,Trafico moderado,No,green,MB,1
112,0,0.308578278,1,Tuesday,M,,10:00 a 11:59,3,50km/h,No,Yes,Yes,Avenue,Truck,Poco trafico,No,green,B,1
113,0,0.478703176,0,Thursday,M,30-39,18:00 a 19:59,3,50km/h,No,Yes,Yes,Avenue,Passenger_vehicle,Trafico moderado,No,green,MB,1
115,0,0.334384093,0,Sunday,M,0-19,22:00 a 23:59,1,50km/h,No,Yes,No,Street,Private_car,Trafico moderado,No,green,MB,1
116,388,0.475386557,4,Saturday,M,50-59,20:00 a 21:59,3,50km/h,No,Yes,No,Avenue,Private_car,Poco trafico,Yes,orange,MA,1
121,0,0.349159902,2,Wednesday,M,0-19,22:00 a 23:59,3,80km/h,No,Yes,Yes,Peripheral,,Poco trafico,No,green,MB,1
126,212,0.28039264,0,Saturday,M,70+,08:00 a 09:59,3,50km/h,No,Yes,Yes,Avenue,Passenger_vehicle,Poco trafico,Yes,green,B,1
127,0,0.25,2,Thursday,M,70+,20:00 a 21:59,6,60km/h,No,Yes,No,Peripheral,Private_car,Poco trafico,No,green,B,1
134,0,0.296348315,0,Saturday,M,0-19,18:00 a 19:59,3,50km/h,Yes,Yes,No,Avenue,Private_car,Poco trafico,No,green,B,1
137,0,0,1,Saturday,M,20-29,18:00 a 19:59,5,60km/h,No,Yes,Yes,Avenue,Private_car,Poco trafico,No,green,B,1
139,0,0.278856826,3,Friday,M,50-59,0:00 a 01:59,3,50km/h,No,Yes,Yes,Street,Passenger_vehicle,Poco trafico,No,green,B,1
141,0,0.307226612,0,Wednesday,M,,06:00 a 07:59,3,50km/h,No,Yes,Yes,Avenue,Private_car,Poco trafico,No,green,B,1
142,0,0.25,0,Monday,M,,08:00 a 09:59,2,80km/h,No,Yes,No,Highway,Truck,Trafico moderado,No,green,B,1
143,0,0.37444002,0,Sunday,M,0-19,12:00 a 13:59,2,50km/h,No,Yes,No,Street,Passenger_vehicle,Poco trafico,No,green,MB,1
147,0,0.417686659,0,Friday,M,,18:00 a 19:59,2,50km/h,No,Yes,No,Avenue,Truck,Mucho trafico,No,green,MA,1
148,0,0.25135257,0,Friday,M,40-49,20:00 a 21:59,2,80km/h,No,Yes,No,Highway,Private_car,Trafico moderado,No,green,B,1
149,438,0.339977852,1,Thursday,M,60-69,22:00 a 23:59,3,50km/h,Yes,Yes,Yes,Avenue,Private_car,Poco trafico,Yes,green,B,1
150,0,0.25,0,Friday,M,,22:00 a 23:59,4,80km/h,No,Yes,No,Avenue,Private_car,Poco trafico,No,green,B,1
151,0,0.268432466,1,Saturday,M,,18:00 a 19:59,1,50km/h,No,Yes,No,Avenue,Train,Poco trafico,No,green,B,1
153,9,0.261858798,1,Monday,M,50-59,08:00 a 09:59,5,60km/h,No,Yes,No,Peripheral,Private_car,Poco trafico,Yes,green,B,0
155,0,0.288527397,0,Saturday,M,30-39,22:00 a 23:59,2,50km/h,No,Yes,Yes,Avenue,Passenger_vehicle,Poco trafico,No,green,B,0
156,56,0.295541707,3,Sunday,F,20-29,20:00 a 21:59,4,50km/h,No,Yes,Yes,Avenue,Private_car,Trafico moderado,Yes,green,B,1
157,0,0.331700627,0,Monday,M,30-39,20:00 a 21:59,1,50km/h,No,Yes,No,Avenue,Passenger_vehicle,Trafico moderado,No,green,MB,0
158,0,0.351810826,0,Wednesday,M,0-19,18:00 a 19:59,1,50km/h,No,Yes,No,Street,Passenger_vehicle,Trafico moderado,No,green,MB,0
161,800,0.447785675,1,Tuesday,M,20-29,16:00 a 17:59,2,50km/h,No,Yes,Yes,Street,Passenger_vehicle,Poco trafico,Yes,green,MB,0
162,0,0,0,Wednesday,M,40-49,06:00 a 07:59,4,60km/h,No,Yes,No,Peripheral,Passenger_vehicle,Poco trafico,No,green,B,0
163,0,0.39389313,0,Friday,M,30-39,06:00 a 07:59,3,50km/h,No,Yes,No,Avenue,Passenger_vehicle,Trafico moderado,No,orange,MB,0
164,0,0.44434968,0,Saturday,M,0-19,10:00 a 11:59,3,50km/h,No,Yes,No,Avenue,Truck,Poco trafico,No,green,MA,0
165,417,0.301508745,2,Wednesday,M,20-29,10:00 a 11:59,3,50km/h,No,Yes,Yes,Avenue,Truck,Trafico moderado,Yes,green,B,0
166,0,0.25,1,Saturday,M,20-29,06:00 a 07:59,2,50km/h,No,Yes,No,Street,Private_car,Poco trafico,No,green,B,1
169,0,0.406365125,0,Thursday,M,20-29,10:00 a 11:59,4,50km/h,No,Yes,No,Avenue,Truck,Poco trafico,No,green,MB,0
170,0,0.377735774,2,Friday,M,20-29,12:00 a 13:59,3,50km/h,No,Yes,Yes,Avenue,Passenger_vehicle,Poco trafico,No,green,MB,0
171,0,0.405934833,0,Monday,M,0-19,14:00 a 15:59,3,50km/h,Yes,Yes,Yes,Avenue,Truck,Trafico moderado,No,green,MB,0
172,0,0.667194929,1,Tuesday,M,50-59,08:00 a 09:59,3,50km/h,No,Yes,No,Avenue,Private_car,Poco trafico,No,red,MA,0
173,0,0.449838623,0,Saturday,M,20-29,12:00 a 13:59,2,50km/h,No,Yes,No,Street,Private_car,Trafico moderado,No,green,MB,0
174,0,0.42225408,1,Sunday,M,20-29,18:00 a 19:59,3,50km/h,No,Yes,Yes,Avenue,Private_car,Trafico moderado,No,green,MA,0
177,0,0.291990669,0,Tuesday,M,0-19,0:00 a 01:59,2,50km/h,Yes,Yes,Yes,Avenue,Private_car,Poco trafico,No,green,B,1
178,0,0.38295314,0,Tuesday,M,0-19,14:00 a 15:59,1,50km/h,No,Yes,Yes,Street,Private_car,Trafico moderado,No,green,MB,0
179,351,0.310683868,0,Wednesday,M,40-49,18:00 a 19:59,4,50km/h,No,Yes,Yes,Avenue,Private_car,Poco trafico,Yes,green,B,0
180,593,0.409020817,0,Wednesday,M,20-29,08:00 a 09:59,1,50km/h,No,Yes,No,Street,Private_car,Trafico moderado,Yes,orange,MB,0
181,0,0.281396839,1,Friday,M,0-19,18:00 a 19:59,4,50km/h,Yes,Yes,Yes,Avenue,Passenger_vehicle,Poco trafico,No,green,B,0
182,15,0.637011014,0,Sunday,M,20-29,14:00 a 15:59,1,50km/h,No,Yes,Yes,Street,Private_car,Trafico moderado,Yes,red,MA,0
183,0,0.380139945,0,Thursday,M,40-49,08:00 a 09:59,3,50km/h,No,Yes,No,Avenue,Passenger_vehicle,Poco trafico,No,green,MB,0
185,1477,0.5429939,0,Friday,M,20-29,14:00 a 15:59,1,50km/h,No,Yes,Yes,Street,Passenger_vehicle,Trafico moderado,Yes,orange,MA,0
186,0,0.435317034,4,Tuesday,M,20-29,10:00 a 11:59,3,50km/h,No,Yes,Yes,Avenue,Truck,Poco trafico,No,green,MA,0
187,0,0.25,1,Wednesday,M,50-59,20:00 a 21:59,4,80km/h,No,Yes,No,Highway,Private_car,Poco trafico,No,green,B,0
188,0,0.436717352,2,Thursday,M,50-59,22:00 a 23:59,4,50km/h,No,Yes,Yes,Avenue,Private_car,Trafico moderado,No,orange,MB,1
189,0,0.255121436,0,Friday,M,0-19,14:00 a 15:59,1,50km/h,No,Yes,No,Avenue,Passenger_vehicle,Trafico moderado,No,green,B,0
190,0,0.482467935,0,Saturday,F,50-59,08:00 a 09:59,3,50km/h,No,Yes,No,Avenue,Passenger_vehicle,Poco trafico,No,green,MA,1
192,0,0.25,0,Sunday,M,,0:00 a 01:59,2,80km/h,No,Yes,No,Highway,,Poco trafico,No,green,B,1
193,0,0.25,1,Monday,M,40-49,22:00 a 23:59,5,60km/h,No,Yes,No,Peripheral,Private_car,Poco trafico,No,green,B,1
194,0,0.408460668,0,Monday,M,30-39,08:00 a 09:59,6,60km/h,No,Yes,Yes,Peripheral,Passenger_vehicle,Mucho trafico,No,green,MA,0
195,0,0.299509725,0,Friday,M,50-59,20:00 a 21:59,1,50km/h,No,Yes,No,Street,Private_car,Poco trafico,No,green,B,0
196,0,0,0,Saturday,M,40-49,18:00 a 19:59,4,80km/h,No,No,No,Peripheral,Passenger_vehicle,Poco trafico,No,green,B,0
197,174,0.32339977,1,Saturday,M,0-19,16:00 a 17:59,3,50km/h,No,Yes,Yes,Avenue,Train,Poco trafico,Yes,green,B,0
199,0,0.25,1,Monday,M,70+,22:00 a 23:59,1,50km/h,No,Yes,No,Avenue,,Poco trafico,No,green,B,1
200,1,0.267958145,0,Monday,M,20-29,08:00 a 09:59,2,50km/h,No,Yes,No,Street,Passenger_vehicle,Poco trafico,Yes,green,B,0
201,0,0.296182397,1,Tuesday,M,60-69,14:00 a 15:59,1,50km/h,No,Yes,No,Avenue,Private_car,Poco trafico,No,green,B,0
202,731,0.318398521,2,Tuesday,M,30-39,14:00 a 15:59,2,50km/h,No,Yes,Yes,Street,Private_car,Trafico moderado,Yes,green,B,0
203,0,0.25,0,Wednesday,M,60-69,14:00 a 15:59,2,50km/h,No,Yes,No,Avenue,Private_car,Poco trafico,No,green,B,0
204,13,0.390198968,0,Tuesday,M,40-49,18:00 a 19:59,1,50km/h,No,Yes,Yes,Street,Passenger_vehicle,Trafico moderado,Yes,green,MB,1
205,0,0.446788057,0,Thursday,M,60-69,10:00 a 11:59,1,50km/h,No,No,No,Avenue,Private_car,Mucho trafico,No,orange,MB,0
206,0,0.25,0,Friday,M,30-39,06:00 a 07:59,6,30km/h,No,Yes,No,Peripheral,Private_car,Poco trafico,No,green,B,0
207,0,0,0,Saturday,M,0-19,12:00 a 13:59,1,50km/h,No,No,No,Street,Truck,Poco trafico,No,green,B,1
208,4,0.270614693,0,Wednesday,M,20-29,22:00 a 23:59,3,50km/h,No,Yes,No,Street,Private_car,Poco trafico,Yes,green,B,0
209,0,0.296882061,1,Saturday,M,0-19,16:00 a 17:59,2,50km/h,No,Yes,Yes,Street,Truck,Poco trafico,No,green,B,0
210,947,0.281434301,0,Wednesday,M,20-29,10:00 a 11:59,4,50km/h,Yes,Yes,Yes,Avenue,Private_car,Poco trafico,Yes,green,B,0
211,0,0.385281586,0,Thursday,M,30-39,08:00 a 09:59,3,40km/h,No,Yes,Yes,Avenue,Passenger_vehicle,Poco trafico,No,green,MB,0
212,0,0.578475336,0,Friday,M,40-49,12:00 a 13:59,3,50km/h,No,Yes,No,Avenue,Private_car,Poco trafico,No,green,MA,1
213,0,0.264653641,0,Friday,M,50-59,06:00 a 07:59,4,50km/h,No,Yes,Yes,Avenue,Private_car,Poco trafico,No,green,B,1
214,0,0.310785587,2,Friday,M,20-29,20:00 a 21:59,3,50km/h,No,Yes,Yes,Avenue,Passenger_vehicle,Poco trafico,No,green,B,0
216,0,0.304767184,1,Saturday,M,40-49,12:00 a 13:59,4,50km/h,No,Yes,No,Avenue,Private_car,Trafico moderado,No,green,B,0
217,710,0.347714633,0,Thursday,M,20-29,16:00 a 17:59,3,50km/h,No,Yes,Yes,Avenue,Truck,Poco trafico,Yes,green,MB,0
218,0,0.25,0,Thursday,M,60-69,14:00 a 15:59,1,50km/h,No,No,No,Street,Passenger_vehicle,Trafico moderado,No,green,B,0
219,257,0.269619865,1,Monday,M,20-29,12:00 a 13:59,1,40km/h,No,Yes,No,Street,Private_car,Trafico moderado,Yes,green,B,0
221,0,0.25,0,Tuesday,M,50-59,08:00 a 09:59,1,50km/h,No,No,No,Avenue,Truck,Trafico moderado,No,green,B,0
222,0,0.368882979,3,Wednesday,M,50-59,06:00 a 07:59,5,60km/h,No,Yes,Yes,Peripheral,Passenger_vehicle,Poco trafico,No,green,MB,0
223,0,0.276232114,3,Thursday,M,40-49,20:00 a 21:59,5,60km/h,No,Yes,Yes,Avenue,Truck,Poco trafico,No,green,B,0
225,0,0.426572056,0,Monday,F,20-29,14:00 a 15:59,3,80km/h,No,Yes,Yes,Avenue,Passenger_vehicle,Trafico moderado,No,green,MB,0
226,1156,0.471069869,1,Tuesday,M,60-69,06:00 a 07:59,2,50km/h,No,Yes,Yes,Avenue,Passenger_vehicle,Trafico moderado,Yes,orange,MB,0
227,0,0.288522727,1,Tuesday,M,20-29,22:00 a 23:59,1,50km/h,No,Yes,No,Street,Passenger_vehicle,Poco trafico,No,green,B,0
228,0,0.359647926,0,Wednesday,M,0-19,12:00 a 13:59,3,50km/h,No,Yes,No,Avenue,,Trafico moderado,No,green,MB,0
229,49,0.477876393,0,Friday,M,0-19,14:00 a 15:59,2,50km/h,No,Yes,Yes,Avenue,Passenger_vehicle,Poco trafico,Yes,green,MA,0
230,0,0.25,0,Friday,M,60-69,06:00 a 07:59,2,50km/h,No,Yes,No,Street,Private_car,Poco trafico,No,green,B,0
231,0,0.453640222,0,Friday,M,40-49,10:00 a 11:59,1,50km/h,No,Yes,No,Street,Multiple_collision,Poco trafico,No,orange,MB,0
233,0,0.25,2,Sunday,M,20-29,22:00 a 23:59,2,50km/h,No,Yes,No,Avenue,Private_car,Poco trafico,No,green,B,0
234,0,0,0,Monday,M,0-19,20:00 a 21:59,1,50km/h,No,Yes,No,Street,Passenger_vehicle,Poco trafico,No,green,B,0
235,0,0.358232285,2,Friday,M,60-69,10:00 a 11:59,2,40km/h,No,Yes,Yes,Avenue,Truck,Poco trafico,No,green,MB,0
236,176,0.305092472,0,Saturday,M,30-39,06:00 a 07:59,3,50km/h,No,Yes,Yes,Avenue,Truck,Poco trafico,Yes,green,B,0
237,0,0.409864579,1,Tuesday,M,30-39,14:00 a 15:59,3,50km/h,No,Yes,Yes,Avenue,Truck,Trafico moderado,No,green,MB,1
238,0,0.25,2,Tuesday,M,30-39,14:00 a 15:59,3,50km/h,Yes,Yes,No,Avenue,Truck,Poco trafico,No,green,B,1
239,0,0.25,1,Tuesday,M,30-39,12:00 a 13:59,3,50km/h,No,Yes,No,Avenue,Truck,Poco trafico,No,green,B,1
240,0,0.358593959,1,Saturday,M,,18:00 a 19:59,3,50km/h,No,Yes,No,Avenue,Private_car,Trafico moderado,No,green,MB,1
241,0,0.382643607,0,Saturday,M,0-19,08:00 a 09:59,2,50km/h,No,Yes,Yes,Avenue,Private_car,Poco trafico,No,orange,MB,0
242,0,0.25,0,Wednesday,M,60-69,10:00 a 11:59,2,50km/h,No,Yes,No,Street,Truck,Poco trafico,No,green,B,0
243,0,0.33601177,1,Monday,M,30-39,22:00 a 23:59,3,50km/h,No,Yes,Yes,Avenue,Passenger_vehicle,Poco trafico,No,green,MB,1
244,567,0.328886311,0,Tuesday,M,40-49,12:00 a 13:59,1,50km/h,No,Yes,No,Street,Private_car,Mucho trafico,Yes,green,B,0
245,0,0.330501973,3,Tuesday,M,30-39,14:00 a 15:59,4,50km/h,No,Yes,No,Avenue,Private_car,Poco trafico,No,green,B,0
246,762,0.362672018,1,Wednesday,F,20-29,0:00 a 01:59,1,50km/h,No,Yes,No,Street,Private_car,Poco trafico,Yes,green,MB,0
247,0,0.38547092,0,Thursday,M,30-39,14:00 a 15:59,4,50km/h,No,Yes,No,Avenue,Private_car,Trafico moderado,No,green,MB,0
248,69,0.577066116,1,Thursday,F,30-39,10:00 a 11:59,4,50km/h,No,Yes,Yes,Avenue,Private_car,Trafico moderado,Yes,orange,MB,0
249,0,0.272479399,0,Friday,M,20-29,12:00 a 13:59,3,50km/h,No,Yes,No,Avenue,Passenger_vehicle,Trafico moderado,No,green,B,0
250,1,0.285622179,0,Friday,M,60-69,10:00 a 11:59,3,50km/h,No,Yes,No,Avenue,Truck,Poco trafico,Yes,green,B,0
251,0,0.25,1,Tuesday,M,20-29,22:00 a 23:59,2,50km/h,No,Yes,No,Avenue,Passenger_vehicle,Poco trafico,No,green,B,0
252,0,0.29797264,0,Saturday,M,20-29,22:00 a 23:59,2,50km/h,No,Yes,Yes,Avenue,,Poco trafico,No,green,B,0
253,0,0.335690165,0,Thursday,M,20-29,12:00 a 13:59,3,80km/h,No,Yes,No,Highway,Private_car,Poco trafico,No,green,MB,0
254,0,0.25,1,Saturday,M,60-69,14:00 a 15:59,2,60km/h,No,Yes,No,Avenue,Truck,Poco trafico,No,green,B,0
256,0,0.5,0,Sunday,,,12:00 a 13:59,1,50km/h,No,No,No,Street,Passenger_vehicle,Trafico moderado,No,orange,MB,0
257,0,0.25,1,Friday,M,0-19,10:00 a 11:59,1,50km/h,No,Yes,No,Street,Truck,Poco trafico,No,green,B,0
259,0,0.389631098,1,Wednesday,M,30-39,18:00 a 19:59,2,50km/h,No,Yes,Yes,Avenue,Private_car,Trafico moderado,No,green,MB,0
260,0,0.402226001,1,Wednesday,M,20-29,16:00 a 17:59,3,50km/h,No,Yes,Yes,Avenue,Truck,Poco trafico,No,green,MB,1
261,0,0.33024819,1,Thursday,M,,10:00 a 11:59,4,50km/h,No,Yes,Yes,Avenue,,Poco trafico,No,green,MB,0
262,0,0.503311258,1,Friday,M,30-39,12:00 a 13:59,2,50km/h,No,Yes,No,Avenue,Passenger_vehicle,Trafico moderado,No,orange,MA,0
264,0,0,0,Thursday,M,20-29,08:00 a 09:59,2,50km/h,No,Yes,No,Street,Private_car,Trafico moderado,No,green,B,0
265,0,0.25,0,Friday,M,60-69,22:00 a 23:59,1,50km/h,No,Yes,No,Street,Truck,Poco trafico,No,green,B,0
266,496,0.372081218,0,Sunday,M,0-19,22:00 a 23:59,1,50km/h,No,No,No,Street,Private_car,Poco trafico,Yes,green,MB,0
268,228,0.52005827,0,Friday,M,20-29,10:00 a 11:59,3,50km/h,No,Yes,No,Avenue,Private_car,Poco trafico,Yes,orange,MA,0
269,51,0.25,0,Tuesday,M,20-29,16:00 a 17:59,2,50km/h,No,No,No,Street,Private_car,Trafico moderado,Yes,green,B,0
270,0,0.528531218,0,Thursday,M,20-29,08:00 a 09:59,6,60km/h,No,Yes,Yes,Peripheral,Passenger_vehicle,Trafico moderado,No,orange,MA,0
271,0,0.381465103,2,Friday,M,20-29,18:00 a 19:59,2,50km/h,No,Yes,No,Avenue,Passenger_vehicle,Trafico moderado,No,green,MB,0
272,0,0.448529412,0,Saturday,M,50-59,10:00 a 11:59,1,50km/h,No,No,No,Street,Passenger_vehicle,Poco trafico,No,green,MA,1
275,0,0.328767123,0,Monday,M,50-59,08:00 a 09:59,3,50km/h,No,Yes,Yes,Avenue,Passenger_vehicle,Trafico moderado,No,green,B,1
276,0,0.324545672,1,Monday,F,20-29,08:00 a 09:59,3,50km/h,No,Yes,Yes,Street,,Poco trafico,No,green,MB,0
277,49,0.25,0,Monday,M,50-59,06:00 a 07:59,1,50km/h,No,No,No,Street,Bicycle,Poco trafico,Yes,green,B,0
279,0,0.35609879,1,Sunday,M,0-19,22:00 a 23:59,1,50km/h,No,No,No,Street,Private_car,Poco trafico,No,green,MB,0
280,146,0.358218962,0,Sunday,M,50-59,10:00 a 11:59,1,50km/h,No,Yes,No,Avenue,Truck,Trafico moderado,Yes,green,MB,0
281,0,0.375614787,0,Tuesday,M,60-69,10:00 a 11:59,4,50km/h,No,Yes,Yes,Avenue,Private_car,Trafico moderado,No,green,MB,0
282,25,0.287584628,0,Saturday,M,60-69,20:00 a 21:59,1,50km/h,No,No,No,Avenue,Private_car,Poco trafico,Yes,green,B,0
283,0,0.280050826,2,Saturday,M,0-19,0:00 a 01:59,3,50km/h,No,Yes,Yes,Avenue,Passenger_vehicle,Poco trafico,No,green,B,0
284,0,0.383733456,0,Wednesday,F,,14:00 a 15:59,3,50km/h,No,Yes,Yes,Avenue,Truck,Trafico moderado,No,green,MB,0
286,38,0.311227913,0,Thursday,M,30-39,16:00 a 17:59,3,50km/h,No,Yes,Yes,Avenue,Private_car,Poco trafico,Yes,green,B,0
287,0,0.293288129,3,Friday,M,40-49,20:00 a 21:59,4,50km/h,No,Yes,Yes,Avenue,,Poco trafico,No,green,B,1
288,92,0,0,Monday,M,30-39,22:00 a 23:59,4,50km/h,No,Yes,No,Avenue,Passenger_vehicle,Poco trafico,Yes,green,B,0
289,0,0.357729332,0,Tuesday,M,20-29,14:00 a 15:59,3,50km/h,No,Yes,Yes,Avenue,Multiple_collision,Poco trafico,No,green,MB,0
291,0,0.280260708,2,Thursday,M,,06:00 a 07:59,3,50km/h,No,Yes,No,Avenue,Private_car,Poco trafico,No,green,B,1
292,81,0.5052,2,Sunday,,,10:00 a 11:59,4,50km/h,No,Yes,Yes,Avenue,Truck,Trafico moderado,Yes,orange,MA,1
294,237,0.330893683,1,Wednesday,M,50-59,12:00 a 13:59,4,50km/h,No,Yes,No,Avenue,Passenger_vehicle,Trafico moderado,Yes,green,MB,0
295,0,0.358593959,1,Saturday,F,20-29,18:00 a 19:59,3,50km/h,No,Yes,No,Avenue,Private_car,Trafico moderado,No,green,MB,0
296,629,0.279582929,2,Tuesday,M,40-49,18:00 a 19:59,3,50km/h,No,Yes,Yes,Avenue,Passenger_vehicle,Poco trafico,Yes,green,B,0
297,0,0.411655874,1,Wednesday,F,50-59,12:00 a 13:59,1,50km/h,No,No,No,Street,Truck,Trafico moderado,No,orange,MB,0
298,0,0.25,0,Wednesday,M,50-59,20:00 a 21:59,1,50km/h,No,No,No,Street,Private_car,Poco trafico,No,green,B,0
299,999,0.295154723,2,Friday,M,20-29,06:00 a 07:59,3,50km/h,No,Yes,Yes,Avenue,Private_car,Poco trafico,Yes,green,B,0
300,0,0.333740831,0,Friday,M,50-59,08:00 a 09:59,4,50km/h,No,Yes,No,Avenue,Truck,Trafico moderado,No,green,MB,0
301,0,0.369328003,2,Thursday,M,0-19,08:00 a 09:59,4,80km/h,No,Yes,No,Peripheral,Private_car,Trafico moderado,No,green,MB,0
302,266,0.251960784,2,Saturday,F,20-29,14:00 a 15:59,2,50km/h,No,Yes,No,Avenue,Private_car,Trafico moderado,Yes,green,B,0
303,0,0.417275574,0,Sunday,F,50-59,20:00 a 21:59,3,50km/h,No,Yes,Yes,Avenue,Truck,Trafico moderado,No,orange,MB,0
304,0,0.459586466,0,Saturday,M,30-39,12:00 a 13:59,3,50km/h,No,Yes,Yes,Avenue,Private_car,Trafico moderado,No,green,MA,0
305,0,0.332615973,0,Saturday,M,20-29,16:00 a 17:59,2,50km/h,No,No,No,Street,Private_car,Trafico moderado,No,green,MB,0
306,0,0.306673729,0,Sunday,M,40-49,0:00 a 01:59,6,50km/h,No,Yes,Yes,Avenue,,Poco trafico,No,green,B,0
307,0,0.25,0,Wednesday,M,30-39,0:00 a 01:59,4,80km/h,No,Yes,No,Peripheral,Truck,Poco trafico,No,green,B,1
308,0,0.328645175,0,Monday,M,20-29,08:00 a 09:59,3,50km/h,No,Yes,Yes,Avenue,Truck,Poco trafico,No,green,B,0
309,0,0.271803499,0,Tuesday,M,30-39,16:00 a 17:59,1,50km/h,No,Yes,No,Street,,Trafico moderado,No,green,B,0
310,0,0.330209292,0,Wednesday,F,30-39,16:00 a 17:59,4,50km/h,No,Yes,Yes,Street,Passenger_vehicle,Poco trafico,No,green,B,0
311,0,0.25,1,Wednesday,F,20-29,08:00 a 09:59,2,50km/h,No,Yes,No,Avenue,Private_car,Trafico moderado,No,green,B,0
312,0,0.25,0,Saturday,M,50-59,22:00 a 23:59,1,50km/h,No,Yes,No,Street,Passenger_vehicle,Trafico moderado,No,green,B,0
313,0,0.366112298,2,Tuesday,M,40-49,16:00 a 17:59,2,50km/h,No,Yes,No,Avenue,Passenger_vehicle,Poco trafico,No,green,B,0
314,0,0.318913175,0,Thursday,M,50-59,10:00 a 11:59,3,50km/h,No,Yes,No,Avenue,,Trafico moderado,No,green,B,0
315,0,0.355047106,4,Tuesday,M,40-49,18:00 a 19:59,3,50km/h,No,Yes,Yes,Avenue,Passenger_vehicle,Poco trafico,No,green,MB,0
316,0,0.367480384,1,Sunday,M,70+,22:00 a 23:59,4,50km/h,No,Yes,Yes,Avenue,Private_car,Poco trafico,No,green,MB,1
317,0,0.413769316,0,Sunday,M,20-29,18:00 a 19:59,2,50km/h,No,Yes,No,Street,Passenger_vehicle,Poco trafico,No,green,MB,0
320,343,0.33634982,1,Friday,M,,12:00 a 13:59,1,50km/h,No,Yes,Yes,Street,Private_car,Trafico moderado,Yes,green,MB,0
321,190,0.385259434,1,Saturday,,,10:00 a 11:59,2,50km/h,Yes,Yes,Yes,Avenue,Private_car,Trafico moderado,Yes,green,MB,0
322,0,0.287900875,2,Monday,M,30-39,10:00 a 11:59,4,60km/h,Yes,Yes,Yes,Peripheral,Private_car,Poco trafico,No,green,B,0
323,0,0.321590587,0,Thursday,M,20-29,14:00 a 15:59,2,50km/h,No,Yes,No,Avenue,Private_car,Trafico moderado,No,green,MB,0
324,0,0.25,0,Saturday,M,,20:00 a 21:59,2,80km/h,No,Yes,No,Highway,Truck,Poco trafico,No,green,B,1
325,0,0,0,Sunday,M,0-19,12:00 a 13:59,1,50km/h,No,Yes,No,Street,Passenger_vehicle,Poco trafico,No,green,B,1
326,0,0.3817549,1,Thursday,M,0-19,20:00 a 21:59,2,50km/h,No,Yes,Yes,Avenue,Passenger_vehicle,Poco trafico,No,green,MB,1
327,0,0.34445327,1,Friday,M,50-59,08:00 a 09:59,3,50km/h,No,Yes,Yes,Avenue,Passenger_vehicle,Poco trafico,No,green,MB,0
328,0,0.371263158,1,Friday,F,50-59,10:00 a 11:59,1,50km/h,No,No,No,Street,Private_car,Trafico moderado,No,green,B,0
329,0,0.343516389,0,Sunday,M,0-19,10:00 a 11:59,2,50km/h,No,Yes,Yes,Avenue,Passenger_vehicle,Poco trafico,No,green,MB,0
330,0,0.25,2,Tuesday,M,40-49,22:00 a 23:59,3,50km/h,No,Yes,No,Avenue,Private_car,Poco trafico,No,green,B,0
331,315,0.268551552,4,Wednesday,M,40-49,18:00 a 19:59,1,50km/h,No,Yes,No,Street,Passenger_vehicle,Trafico moderado,Yes,green,B,0
332,0,0.2959838,0,Thursday,F,20-29,14:00 a 15:59,2,50km/h,No,Yes,No,Avenue,Private_car,Poco trafico,No,green,B,0
333,332,0.25,1,Monday,M,0-19,18:00 a 19:59,1,50km/h,No,Yes,No,Street,Passenger_vehicle,Trafico moderado,Yes,green,B,0
334,0,0.5,0,Tuesday,M,20-29,06:00 a 07:59,1,50km/h,No,Yes,No,Street,Passenger_vehicle,Poco trafico,No,orange,MB,0
335,0,0.326479194,0,Monday,M,40-49,14:00 a 15:59,2,50km/h,No,Yes,Yes,Avenue,Private_car,Trafico moderado,No,green,MB,0
336,0,0.338917805,0,Wednesday,M,20-29,08:00 a 09:59,3,50km/h,No,Yes,Yes,Avenue,,Poco trafico,No,green,B,0
337,0,0.25,0,Thursday,M,20-29,16:00 a 17:59,2,50km/h,No,Yes,No,Street,Private_car,Trafico moderado,No,green,B,0
338,486,0.296482856,3,Thursday,F,30-39,12:00 a 13:59,1,50km/h,No,Yes,No,Street,Private_car,Trafico moderado,Yes,green,B,0
339,0,0.25,0,Friday,M,50-59,20:00 a 21:59,2,80km/h,No,Yes,No,Highway,,Poco trafico,No,green,B,1
340,282,0.317708333,1,Friday,M,20-29,14:00 a 15:59,2,50km/h,No,Yes,No,Avenue,Private_car,Trafico moderado,Yes,green,MB,0
342,0,0.297205971,0,Monday,M,30-39,18:00 a 19:59,2,50km/h,No,Yes,No,Avenue,Passenger_vehicle,Trafico moderado,No,green,B,0
343,0,0.451456311,0,Monday,M,20-29,08:00 a 09:59,2,50km/h,No,Yes,No,Avenue,Passenger_vehicle,Poco trafico,No,orange,MB,0
344,179,0.262898603,4,Tuesday,M,60-69,10:00 a 11:59,3,50km/h,No,Yes,No,Avenue,Private_car,Trafico moderado,Yes,green,B,0
345,0,0.364368557,1,Saturday,M,0-19,18:00 a 19:59,2,50km/h,No,Yes,No,Avenue,Passenger_vehicle,Trafico moderado,No,green,MB,1
346,0,0.274866489,0,Saturday,M,60-69,20:00 a 21:59,3,80km/h,No,Yes,No,Highway,,Poco trafico,No,green,B,1
348,0,0.75,0,Monday,M,30-39,18:00 a 19:59,6,60km/h,No,Yes,No,Peripheral,Truck,Trafico moderado,No,red,A,0
349,779,0.318405051,3,Thursday,M,20-29,14:00 a 15:59,2,50km/h,No,Yes,No,Street,Passenger_vehicle,Trafico moderado,Yes,green,MB,0
351,0,0.351534443,0,Sunday,M,,18:00 a 19:59,4,60km/h,No,Yes,Yes,Avenue,Passenger_vehicle,Poco trafico,No,green,MB,0
352,244,0.393750748,1,Wednesday,M,20-29,10:00 a 11:59,3,50km/h,No,Yes,No,Avenue,Passenger_vehicle,Trafico moderado,Yes,green,MB,0
353,0,0.300410509,0,Thursday,F,50-59,16:00 a 17:59,2,50km/h,No,Yes,No,Avenue,Passenger_vehicle,Poco trafico,No,green,B,0
354,0,0.447274265,1,Friday,M,20-29,18:00 a 19:59,4,50km/h,No,Yes,Yes,Avenue,Private_car,Trafico moderado,No,green,MB,0
355,0,0.575892857,3,Sunday,M,20-29,16:00 a 17:59,6,60km/h,No,Yes,Yes,Peripheral,Private_car,Poco trafico,No,red,MB,0
356,1,0.384205067,0,Tuesday,M,20-29,10:00 a 11:59,3,50km/h,No,Yes,Yes,Avenue,Private_car,Poco trafico,Yes,orange,MB,0
357,1115,0.648146105,1,Tuesday,M,20-29,14:00 a 15:59,1,50km/h,No,Yes,No,Street,Multiple_collision,Trafico moderado,Yes,red,MA,0
358,0,0.429053491,0,Tuesday,M,20-29,10:00 a 11:59,6,50km/h,No,Yes,No,Avenue,Truck,Trafico moderado,No,green,MB,0
359,0,0.294793485,0,Wednesday,M,50-59,20:00 a 21:59,2,50km/h,No,No,No,Street,Private_car,Trafico moderado,No,green,B,1
360,0,0.25,0,Wednesday,M,20-29,06:00 a 07:59,1,50km/h,No,No,No,Street,Private_car,Poco trafico,No,green,B,0
361,0,0.277247356,5,Thursday,M,70+,0:00 a 01:59,4,50km/h,No,Yes,No,Avenue,Private_car,Poco trafico,No,green,B,1
363,0,0.409957173,0,Friday,M,20-29,16:00 a 17:59,1,50km/h,No,Yes,Yes,Street,Passenger_vehicle,Trafico moderado,No,green,MB,0
364,0,0.25,3,Saturday,M,60-69,16:00 a 17:59,6,60km/h,No,Yes,No,Peripheral,,Trafico moderado,No,green,B,0
365,0,0.406018137,1,Wednesday,M,40-49,12:00 a 13:59,1,50km/h,No,Yes,No,Street,Passenger_vehicle,Trafico moderado,No,orange,MB,0
366,0,0.343238619,0,Wednesday,M,60-69,14:00 a 15:59,2,50km/h,No,Yes,No,Avenue,Multiple_collision,Trafico moderado,No,green,MB,0
367,0,0.44406831,1,Thursday,M,20-29,10:00 a 11:59,4,50km/h,No,Yes,Yes,Avenue,Passenger_vehicle,Trafico moderado,No,orange,MB,0
368,173,0.527470407,0,Thursday,M,20-29,18:00 a 19:59,3,50km/h,No,Yes,No,Avenue,Private_car,Trafico moderado,Yes,red,MA,0
369,0,0.389196273,0,Thursday,M,0-19,18:00 a 19:59,3,50km/h,No,Yes,Yes,Avenue,Private_car,Poco trafico,No,green,MB,0
370,315,0.321264368,1,Thursday,M,20-29,18:00 a 19:59,3,50km/h,No,Yes,No,Avenue,Private_car,Trafico moderado,Yes,green,B,0
371,8,0.339920438,0,Friday,F,20-29,14:00 a 15:59,3,50km/h,No,Yes,Yes,Avenue,Private_car,Poco trafico,Yes,green,MB,0
372,0,0.471417471,0,Monday,M,0-19,14:00 a 15:59,2,50km/h,No,Yes,Yes,Avenue,Private_car,Trafico moderado,No,green,MA,0
373,0,0.306265837,1,Tuesday,M,60-69,10:00 a 11:59,3,50km/h,No,Yes,No,Avenue,Passenger_vehicle,Poco trafico,No,green,B,0
374,0,0.556239737,2,Wednesday,M,60-69,22:00 a 23:59,6,60km/h,No,Yes,No,Peripheral,,Trafico moderado,No,red,MB,0
375,648,0.25,2,Tuesday,M,20-29,10:00 a 11:59,3,50km/h,No,Yes,Yes,Avenue,Passenger_vehicle,Trafico moderado,Yes,green,B,1
376,0,0.448712256,0,Friday,M,60-69,08:00 a 09:59,2,80km/h,No,No,No,Highway,Private_car,Poco trafico,No,orange,MB,0
377,0,0.343784378,0,Thursday,M,20-29,08:00 a 09:59,2,50km/h,No,Yes,Yes,Avenue,Truck,Poco trafico,No,green,MB,0
378,0,0.344096713,0,Saturday,M,20-29,18:00 a 19:59,2,50km/h,No,Yes,No,Avenue,Truck,Trafico moderado,No,green,MB,0
379,0,0.343448851,0,Sunday,M,40-49,14:00 a 15:59,2,50km/h,No,Yes,No,Avenue,Truck,Poco trafico,No,green,B,1
380,0,0.284207317,0,Sunday,M,0-19,08:00 a 09:59,1,50km/h,No,Yes,No,Avenue,Truck,Poco trafico,No,green,B,0
382,0,0.271220372,0,Friday,M,20-29,06:00 a 07:59,3,50km/h,No,Yes,Yes,Avenue,Private_car,Poco trafico,No,green,B,0
383,66,0.292421442,0,Saturday,M,,08:00 a 09:59,3,50km/h,No,Yes,Yes,Avenue,Passenger_vehicle,Poco trafico,Yes,green,B,0
384,0,0.25,2,Saturday,M,30-39,16:00 a 17:59,6,60km/h,No,Yes,No,Peripheral,,Poco trafico,No,green,B,0
385,0,0.373283082,0,Tuesday,F,0-19,18:00 a 19:59,1,50km/h,No,Yes,No,Avenue,Passenger_vehicle,Trafico moderado,No,green,MB,0
386,48,0.275521572,1,Wednesday,M,50-59,20:00 a 21:59,4,50km/h,No,Yes,Yes,Avenue,Passenger_vehicle,Poco trafico,Yes,green,B,0
388,0,0.281410476,1,Thursday,,,20:00 a 21:59,2,50km/h,No,Yes,No,Avenue,Truck,Trafico moderado,No,green,B,0
389,0,0.457291826,1,Sunday,,,16:00 a 17:59,2,50km/h,No,Yes,No,Highway,Multiple_collision,Trafico moderado,No,orange,MB,1
390,0,0.333333333,1,Thursday,M,30-39,08:00 a 09:59,5,60km/h,No,Yes,No,Avenue,Truck,Poco trafico,No,green,MB,0
391,0,0.368489985,1,Monday,M,,14:00 a 15:59,3,80km/h,No,Yes,Yes,Highway,Private_car,Poco trafico,No,green,MB,1
392,0,0.432165281,0,Monday,M,60-69,14:00 a 15:59,1,50km/h,No,Yes,No,Avenue,Passenger_vehicle,Trafico moderado,No,green,MB,0
393,172,0.334101382,1,Monday,M,40-49,18:00 a 19:59,3,50km/h,No,Yes,Yes,Avenue,Train,Poco trafico,Yes,green,MB,1
394,681,0.525194742,1,Friday,M,30-39,16:00 a 17:59,4,30km/h,No,Yes,Yes,Avenue,Private_car,Trafico moderado,Yes,orange,MA,0
395,0,0.491695393,1,Tuesday,M,30-39,18:00 a 19:59,1,50km/h,No,Yes,No,Street,Passenger_vehicle,Trafico moderado,No,green,MA,0
396,0,0.320003989,1,Saturday,M,50-59,16:00 a 17:59,1,50km/h,No,Yes,No,Street,,Mucho trafico,No,green,MB,0
397,0,0.329499186,0,Saturday,M,50-59,10:00 a 11:59,1,50km/h,No,Yes,No,Street,Passenger_vehicle,Poco trafico,No,green,MB,0
400,0,0.5125,0,Friday,M,,16:00 a 17:59,1,60km/h,No,Yes,No,Highway,,Poco trafico,No,orange,MA,1
403,0,0.25,0,Saturday,M,20-29,08:00 a 09:59,4,50km/h,No,Yes,Yes,Avenue,Passenger_vehicle,Poco trafico,No,green,B,1
404,0,0.310363736,3,Sunday,M,20-29,14:00 a 15:59,3,50km/h,No,Yes,No,Avenue,Passenger_vehicle,Poco trafico,No,green,B,0
405,0,0.25,0,Tuesday,M,,08:00 a 09:59,2,80km/h,No,Yes,No,Highway,,Poco trafico,No,green,B,1
406,0,0.25,1,Tuesday,M,,08:00 a 09:59,1,60km/h,No,Yes,No,Highway,Private_car,Trafico moderado,No,green,B,1
407,0,0.273398128,1,Thursday,M,20-29,18:00 a 19:59,2,50km/h,No,No,No,Street,,Trafico moderado,No,green,B,0
408,0,0.377668446,0,Thursday,,,12:00 a 13:59,1,50km/h,No,Yes,No,Street,Truck,Trafico moderado,No,green,MB,1
409,0,0.4376678,0,Thursday,M,0-19,18:00 a 19:59,3,50km/h,No,Yes,Yes,Avenue,Passenger_vehicle,Poco trafico,No,green,MB,1
410,286,0.354029723,0,Wednesday,F,20-29,14:00 a 15:59,2,50km/h,No,Yes,No,Street,Passenger_vehicle,Trafico moderado,Yes,green,MB,0
411,0,0.25,1,Friday,M,20-29,20:00 a 21:59,1,50km/h,No,Yes,No,Street,Passenger_vehicle,Poco trafico,No,green,B,0
412,0,0.25,1,Saturday,M,20-29,0:00 a 01:59,1,50km/h,No,Yes,No,Street,Passenger_vehicle,Poco trafico,No,green,B,0
413,0,0.40299435,2,Thursday,,,10:00 a 11:59,6,60km/h,No,Yes,No,Peripheral,Multiple_collision,Poco trafico,No,green,MB,0
415,0,0.841636364,0,Wednesday,F,,08:00 a 09:59,6,60km/h,No,Yes,No,Peripheral,Private_car,Trafico moderado,No,red_wine,MB,0
416,0,0.365014694,1,Thursday,M,40-49,16:00 a 17:59,3,40km/h,No,Yes,Yes,Avenue,Passenger_vehicle,Poco trafico,No,green,MB,0
417,0,0.513942308,0,Friday,F,50-59,08:00 a 09:59,1,50km/h,No,Yes,No,Avenue,Passenger_vehicle,Trafico moderado,No,orange,MA,0
418,0,0.308230347,3,Monday,M,20-29,20:00 a 21:59,6,60km/h,No,Yes,Yes,Avenue,Private_car,Poco trafico,No,green,B,0
419,0,0.343089694,1,Wednesday,M,50-59,08:00 a 09:59,3,50km/h,No,Yes,Yes,Avenue,Passenger_vehicle,Poco trafico,No,green,MB,1
420,0,0.292561253,0,Friday,M,20-29,08:00 a 09:59,1,50km/h,No,Yes,No,Street,Passenger_vehicle,Poco trafico,No,green,B,0
422,0,0.464527275,3,Tuesday,M,60-69,20:00 a 21:59,2,50km/h,No,Yes,Yes,Street,Passenger_vehicle,Trafico moderado,No,green,MB,0
423,1479,0.419819079,1,Wednesday,M,,08:00 a 09:59,3,50km/h,Yes,Yes,Yes,Avenue,Private_car,Trafico moderado,Yes,green,MB,0
424,0,0.25071736,1,Thursday,M,,20:00 a 21:59,3,50km/h,No,Yes,Yes,Avenue,Private_car,Poco trafico,No,green,B,0
425,0,0.337383178,1,Saturday,M,,16:00 a 17:59,4,50km/h,No,Yes,Yes,Avenue,,Trafico moderado,No,green,B,0
426,1039,0.422991929,2,Sunday,F,20-29,10:00 a 11:59,2,50km/h,No,Yes,Yes,Street,Passenger_vehicle,Poco trafico,Yes,green,MB,0
427,398,0.346559206,0,Thursday,F,20-29,18:00 a 19:59,1,50km/h,No,Yes,No,Street,Passenger_vehicle,Poco trafico,Yes,green,MB,1
428,0,0.25,2,Friday,M,20-29,0:00 a 01:59,3,80km/h,No,Yes,No,Highway,Private_car,Poco trafico,No,green,B,1
429,0,0.506849315,0,Tuesday,M,,16:00 a 17:59,3,50km/h,No,Yes,Yes,Avenue,Private_car,Poco trafico,No,orange,MA,0
430,0,0.342036405,0,Friday,F,20-29,08:00 a 09:59,3,50km/h,No,Yes,Yes,Street,Private_car,Poco trafico,No,green,B,0
431,97,0.309461703,0,Saturday,M,20-29,20:00 a 21:59,3,50km/h,No,Yes,No,Avenue,Passenger_vehicle,Poco trafico,Yes,green,B,0
432,0,0.350835149,0,Saturday,M,60-69,10:00 a 11:59,2,50km/h,No,Yes,Yes,Avenue,Passenger_vehicle,Poco trafico,No,green,MB,0
433,0,0.380831643,0,Tuesday,,,08:00 a 09:59,2,50km/h,No,Yes,Yes,Street,Multiple_collision,Trafico moderado,No,green,MB,0
434,0,0,0,Thursday,M,0-19,16:00 a 17:59,4,50km/h,No,No,No,Peripheral,Multiple_collision,Poco trafico,No,green,B,0
435,0,0.437160652,1,Tuesday,M,40-49,18:00 a 19:59,1,50km/h,No,Yes,No,Street,Passenger_vehicle,Trafico moderado,No,green,MB,0
436,0,0.402856221,3,Monday,M,,20:00 a 21:59,1,50km/h,No,Yes,No,Avenue,Truck,Trafico moderado,No,orange,MB,0
438,4,0,1,Saturday,M,20-29,06:00 a 07:59,1,50km/h,No,Yes,No,Street,Truck,Trafico moderado,Yes,green,B,0
439,1177,0.412412993,1,Wednesday,M,20-29,12:00 a 13:59,2,50km/h,No,Yes,Yes,Street,Passenger_vehicle,Trafico moderado,Yes,green,MB,0
440,5,0.33531746,1,Wednesday,M,,06:00 a 07:59,6,60km/h,Yes,Yes,Yes,Peripheral,Passenger_vehicle,Poco trafico,Yes,green,MB,0
441,0,0.333939945,1,Tuesday,M,50-59,18:00 a 19:59,1,50km/h,No,Yes,No,Street,Passenger_vehicle,Trafico moderado,No,green,MB,0
442,0,0.383388158,1,Thursday,M,60-69,18:00 a 19:59,1,50km/h,No,Yes,Yes,Avenue,Passenger_vehicle,Trafico moderado,No,green,MB,0
443,1629,0.414538822,2,Wednesday,M,60-69,12:00 a 13:59,2,50km/h,No,Yes,Yes,Avenue,Passenger_vehicle,Poco trafico,Yes,green,MB,0
444,0,0.363998672,0,Friday,M,,16:00 a 17:59,3,50km/h,No,Yes,No,Avenue,Truck,Poco trafico,No,green,MB,0
445,0,0.400834529,1,Tuesday,M,20-29,10:00 a 11:59,4,50km/h,No,Yes,Yes,Avenue,Passenger_vehicle,Poco trafico,No,green,MB,0
446,46,0.257587111,0,Wednesday,M,0-19,18:00 a 19:59,4,50km/h,No,Yes,No,Avenue,Passenger_vehicle,Poco trafico,Yes,green,B,1
447,0,0.439274106,4,Thursday,M,0-19,14:00 a 15:59,1,50km/h,No,Yes,No,Street,Passenger_vehicle,Trafico moderado,No,green,MA,0
448,0,0.25,1,Saturday,M,50-59,06:00 a 07:59,2,50km/h,No,Yes,No,Avenue,Passenger_vehicle,Poco trafico,No,green,B,1
449,0,0.372934132,0,Sunday,M,50-59,20:00 a 21:59,2,50km/h,No,Yes,Yes,Avenue,,Poco trafico,No,green,MB,1
450,0,0.331884351,0,Monday,M,,10:00 a 11:59,3,50km/h,No,Yes,Yes,Avenue,Private_car,Poco trafico,No,green,B,0
451,0,0.297952269,2,Tuesday,M,30-39,16:00 a 17:59,4,50km/h,No,Yes,No,Avenue,Truck,Poco trafico,No,green,B,1
452,0,0.25,0,Tuesday,M,30-39,14:00 a 15:59,1,60km/h,No,Yes,No,Highway,,Mucho trafico,No,green,B,1
453,2058,0.276184172,6,Tuesday,,,0:00 a 01:59,3,50km/h,Yes,Yes,Yes,Avenue,,Poco trafico,Yes,green,B,0
454,0,0.287020616,0,Tuesday,M,20-29,10:00 a 11:59,3,60km/h,No,Yes,Yes,Avenue,Private_car,Trafico moderado,No,green,B,0
455,0,0.25,1,Tuesday,M,60-69,20:00 a 21:59,4,60km/h,No,Yes,No,Highway,,Trafico moderado,No,green,B,1
456,0,0.323232323,2,Monday,M,20-29,22:00 a 23:59,3,50km/h,No,Yes,No,Avenue,Passenger_vehicle,Poco trafico,No,green,B,0
458,0,0.448979592,0,Wednesday,M,50-59,16:00 a 17:59,2,80km/h,No,Yes,No,Highway,,Trafico moderado,No,green,MB,1
459,0,0.31964487,0,Wednesday,M,30-39,22:00 a 23:59,2,50km/h,No,Yes,Yes,Avenue,Passenger_vehicle,Poco trafico,No,green,B,0
460,0,0.502827763,1,Tuesday,M,20-29,18:00 a 19:59,1,50km/h,No,Yes,No,Street,Private_car,Trafico moderado,No,orange,MA,0
461,0,0.281022782,0,Monday,M,20-29,22:00 a 23:59,1,50km/h,No,Yes,No,Avenue,Private_car,Poco trafico,No,green,B,0
462,2,0.407219456,0,Tuesday,M,50-59,10:00 a 11:59,3,50km/h,No,Yes,Yes,Avenue,Passenger_vehicle,Trafico moderado,Yes,green,MA,0
463,0,0.282018505,0,Wednesday,M,30-39,16:00 a 17:59,3,50km/h,No,Yes,No,Avenue,Private_car,Poco trafico,No,green,B,0
464,0,0.302924584,1,Friday,M,30-39,08:00 a 09:59,2,50km/h,No,Yes,Yes,Street,Private_car,Trafico moderado,No,green,B,0
465,0,0.296682818,0,Tuesday,M,50-59,08:00 a 09:59,2,80km/h,No,Yes,No,Highway,Passenger_vehicle,Poco trafico,No,green,B,1
467,0,0.513328937,1,Wednesday,M,50-59,18:00 a 19:59,1,50km/h,No,Yes,No,Avenue,Passenger_vehicle,Trafico moderado,No,orange,MA,0
468,0,0.425882288,0,Thursday,M,0-19,18:00 a 19:59,1,50km/h,No,Yes,Yes,Street,Passenger_vehicle,Mucho trafico,No,green,MB,0
469,0,0.25,1,Sunday,M,50-59,12:00 a 13:59,6,60km/h,No,Yes,No,Peripheral,Private_car,Trafico moderado,No,green,B,0
470,0,,1,Monday,M,0-19,14:00 a 15:59,2,50km/h,No,Yes,Yes,Avenue,Truck,Trafico moderado,No,,,0
471,0,0.416621365,0,Wednesday,M,0-19,10:00 a 11:59,4,50km/h,No,Yes,Yes,Avenue,Private_car,Trafico moderado,No,green,MA,0
472,0,0.434611202,0,Thursday,M,0-19,10:00 a 11:59,2,50km/h,No,Yes,No,Avenue,Passenger_vehicle,Poco trafico,No,orange,MB,0
473,7,0.37494221,0,Thursday,M,20-29,12:00 a 13:59,4,50km/h,No,Yes,No,Avenue,Passenger_vehicle,Trafico moderado,Yes,green,MB,0
474,0,0.268147346,0,Wednesday,M,0-19,16:00 a 17:59,3,50km/h,No,Yes,No,Avenue,Private_car,Poco trafico,No,green,B,0
475,0,0.266293774,2,Saturday,M,50-59,06:00 a 07:59,2,60km/h,Yes,Yes,No,Peripheral,Private_car,Poco trafico,No,green,B,0
476,4,0.347802977,0,Saturday,M,60-69,18:00 a 19:59,1,50km/h,No,Yes,No,Street,Private_car,Poco trafico,Yes,green,MB,0
478,0,0.276001112,0,Sunday,M,60-69,14:00 a 15:59,1,50km/h,No,No,No,Street,Private_car,Trafico moderado,No,green,B,0
479,0,0.312770563,0,Friday,M,30-39,16:00 a 17:59,1,50km/h,No,No,No,Street,Truck,Poco trafico,No,green,MB,0
480,0,0.333130081,2,Saturday,M,30-39,10:00 a 11:59,5,50km/h,No,Yes,No,Avenue,Multiple_collision,Poco trafico,No,green,MB,0
481,471,0.30400982,3,Sunday,M,,14:00 a 15:59,1,50km/h,No,Yes,No,Street,,Poco trafico,Yes,green,B,0
482,0,0.545778157,0,Saturday,M,20-29,14:00 a 15:59,2,50km/h,No,Yes,Yes,Street,Passenger_vehicle,Poco trafico,No,orange,MA,0
483,0,0.25,5,Monday,M,,08:00 a 09:59,5,50km/h,No,Yes,Yes,Avenue,Private_car,Poco trafico,No,green,B,0
484,0,0.25,0,Wednesday,M,20-29,22:00 a 23:59,3,50km/h,No,Yes,Yes,Avenue,Truck,Poco trafico,No,green,B,0
485,0,0,0,Saturday,M,40-49,16:00 a 17:59,4,80km/h,No,Yes,No,Peripheral,Private_car,Trafico moderado,No,green,B,1
486,0,0.335268617,0,Sunday,M,20-29,14:00 a 15:59,4,50km/h,No,Yes,Yes,Avenue,Private_car,Poco trafico,No,green,B,0
487,0,0.371045477,0,Tuesday,M,20-29,10:00 a 11:59,3,60km/h,No,Yes,Yes,Avenue,Private_car,Poco trafico,No,green,MB,0
488,0,0.455220572,1,Saturday,M,50-59,08:00 a 09:59,2,50km/h,No,Yes,No,Avenue,Passenger_vehicle,Trafico moderado,No,green,MB,0
490,0,0.343622449,0,Monday,,,16:00 a 17:59,6,60km/h,No,Yes,Yes,Peripheral,Private_car,Poco trafico,No,green,B,1
491,0,0.495454545,0,Sunday,M,40-49,20:00 a 21:59,1,80km/h,No,Yes,Yes,Highway,,Trafico moderado,No,green,MB,1
492,0,0.75,0,Monday,M,30-39,08:00 a 09:59,2,50km/h,Yes,Yes,Yes,Highway,,Poco trafico,No,red,A,0
493,0,0.428081085,0,Thursday,M,40-49,08:00 a 09:59,1,50km/h,No,Yes,No,Street,,Trafico moderado,No,orange,MB,1
494,79,0.375508674,0,Thursday,M,0-19,12:00 a 13:59,2,50km/h,No,Yes,Yes,Avenue,Passenger_vehicle,Trafico moderado,Yes,green,MB,0
495,0,0.25,0,Wednesday,M,,08:00 a 09:59,2,80km/h,No,Yes,No,Highway,Truck,Poco trafico,No,green,B,1
496,0,0.485259846,0,Friday,M,50-59,08:00 a 09:59,2,80km/h,No,Yes,No,Highway,,Trafico moderado,No,orange,MA,0
497,122,0.25,1,Friday,F,50-59,12:00 a 13:59,2,50km/h,No,Yes,Yes,Avenue,,Poco trafico,Yes,green,B,0
498,0,0.274283357,0,Tuesday,F,0-19,14:00 a 15:59,5,50km/h,No,Yes,Yes,Avenue,Passenger_vehicle,Poco trafico,No,green,B,0
499,0,0.389708214,0,Friday,F,20-29,16:00 a 17:59,2,50km/h,No,Yes,No,Street,Private_car,Poco trafico,No,green,MB,0
500,0,0.368195489,0,Friday,,,08:00 a 09:59,2,50km/h,No,Yes,Yes,Avenue,Private_car,Poco trafico,No,green,MB,0
501,631,0.363172646,3,Sunday,M,20-29,14:00 a 15:59,2,50km/h,No,Yes,Yes,Street,Private_car,Trafico moderado,Yes,green,MB,0
502,0,0.25,3,Monday,M,40-49,22:00 a 23:59,4,80km/h,No,Yes,No,Peripheral,,Poco trafico,No,green,B,1
503,0,0.323540856,0,Tuesday,F,,10:00 a 11:59,3,50km/h,No,Yes,Yes,Avenue,Truck,Trafico moderado,No,green,B,0
504,0,0.332930906,4,Tuesday,M,,08:00 a 09:59,4,50km/h,No,Yes,Yes,Avenue,Private_car,Poco trafico,No,green,B,0
506,0,0.370803887,0,Thursday,M,0-19,14:00 a 15:59,5,50km/h,No,Yes,Yes,Avenue,Multiple_collision,Trafico moderado,No,green,MB,0
507,0,0.25,0,Wednesday,M,20-29,08:00 a 09:59,3,50km/h,No,Yes,Yes,Avenue,Passenger_vehicle,Poco trafico,No,green,B,0
508,0,0.333333333,1,Saturday,M,,08:00 a 09:59,5,50km/h,No,Yes,No,Avenue,Truck,Poco trafico,No,green,MB,0
509,0,0.25,2,Sunday,M,20-29,22:00 a 23:59,6,60km/h,No,Yes,No,Peripheral,Passenger_vehicle,Poco trafico,No,green,B,0
510,0,0.348678862,0,Sunday,M,0-19,12:00 a 13:59,1,50km/h,No,Yes,No,Street,Passenger_vehicle,Trafico moderado,No,green,MB,0
511,0,0.443484915,1,Thursday,,,08:00 a 09:59,2,50km/h,Yes,No,No,Avenue,Passenger_vehicle,Poco trafico,No,green,MA,0
513,0,0.365937073,1,Saturday,,,14:00 a 15:59,3,50km/h,No,Yes,Yes,Avenue,Private_car,Poco trafico,No,green,MB,0
514,0,0.292986425,3,Monday,M,60-69,12:00 a 13:59,2,50km/h,No,Yes,No,Street,Passenger_vehicle,Trafico moderado,No,green,B,1
515,0,0.575396825,0,Sunday,M,20-29,14:00 a 15:59,2,50km/h,No,Yes,No,Street,Private_car,Trafico moderado,No,red,MB,0
516,0,0.347503815,0,Wednesday,M,60-69,14:00 a 15:59,1,50km/h,No,Yes,No,Avenue,Passenger_vehicle,Trafico moderado,No,green,MB,0
517,0,0.742559524,0,Wednesday,,,20:00 a 21:59,6,60km/h,No,Yes,No,Peripheral,Private_car,Trafico moderado,No,red,A,0
518,515,0.580645161,3,Monday,M,50-59,16:00 a 17:59,2,50km/h,Yes,Yes,No,Avenue,Truck,Poco trafico,Yes,orange,MA,0
519,0,0.272709216,0,Tuesday,M,30-39,18:00 a 19:59,2,50km/h,No,Yes,No,Avenue,Passenger_vehicle,Trafico moderado,No,green,B,1
520,0,0.297310279,0,Tuesday,M,20-29,08:00 a 09:59,1,50km/h,No,Yes,No,Street,Passenger_vehicle,Trafico moderado,No,green,B,0
521,0,0,0,Wednesday,M,0-19,22:00 a 23:59,1,50km/h,No,No,No,Street,Truck,Mucho trafico,No,green,B,0
522,0,0.25,1,Friday,M,60-69,12:00 a 13:59,3,50km/h,No,Yes,No,Avenue,Train,Poco trafico,No,green,B,0
523,76,0.26701278,1,Saturday,M,50-59,0:00 a 01:59,4,50km/h,No,Yes,Yes,Avenue,Truck,Poco trafico,Yes,green,B,0
524,0,0.269125683,0,Tuesday,M,30-39,08:00 a 09:59,4,50km/h,No,Yes,No,Avenue,Passenger_vehicle,Poco trafico,No,green,B,0
525,2596,0.491467995,5,Thursday,M,50-59,14:00 a 15:59,3,50km/h,Yes,Yes,Yes,Avenue,Passenger_vehicle,Trafico moderado,Yes,green,MA,0
527,0,0,0,Tuesday,M,,06:00 a 07:59,4,50km/h,No,Yes,Yes,Avenue,Truck,Poco trafico,No,green,B,0
528,0,0.328263989,0,Wednesday,F,30-39,16:00 a 17:59,3,50km/h,No,Yes,Yes,Avenue,Passenger_vehicle,Trafico moderado,No,green,B,0
529,0,0.596696697,2,Saturday,M,20-29,08:00 a 09:59,2,50km/h,No,Yes,No,Street,Passenger_vehicle,Poco trafico,No,red,MA,0
530,0,0,2,Monday,M,50-59,08:00 a 09:59,2,80km/h,No,Yes,No,Highway,,Trafico moderado,No,green,B,1
531,0,0.530433612,2,Tuesday,M,60-69,16:00 a 17:59,2,50km/h,No,Yes,No,Street,Passenger_vehicle,Mucho trafico,No,orange,MA,0
532,51,0.350934579,0,Wednesday,F,40-49,14:00 a 15:59,2,50km/h,No,Yes,No,Avenue,Multiple_collision,Poco trafico,Yes,green,MB,0
533,3,0.25,1,Saturday,M,50-59,16:00 a 17:59,3,50km/h,No,Yes,Yes,Avenue,Private_car,Poco trafico,Yes,green,B,0
534,0,0.331726704,4,Saturday,M,0-19,20:00 a 21:59,4,60km/h,No,Yes,No,Highway,Private_car,Trafico moderado,No,green,B,0
535,0,0.5,0,Tuesday,M,,18:00 a 19:59,3,80km/h,No,Yes,No,Highway,Private_car,Mucho trafico,No,orange,MB,1
540,0,0.356772009,2,Monday,M,50-59,20:00 a 21:59,3,50km/h,No,Yes,No,Avenue,Multiple_collision,Poco trafico,No,green,MB,0
542,0,0.278255264,0,Wednesday,M,20-29,10:00 a 11:59,2,50km/h,No,Yes,No,Avenue,Private_car,Poco trafico,No,green,B,0
543,0,0.330661323,1,Wednesday,M,30-39,18:00 a 19:59,2,50km/h,Yes,Yes,No,Avenue,Private_car,Poco trafico,No,green,MB,0
544,406,0.339501693,0,Wednesday,M,30-39,10:00 a 11:59,3,50km/h,Yes,Yes,No,Avenue,Truck,Poco trafico,Yes,green,B,0
545,0,0.25,0,Thursday,M,30-39,0:00 a 01:59,3,80km/h,No,Yes,No,Peripheral,Private_car,Poco trafico,No,green,B,0
546,0,0,1,Thursday,M,0-19,18:00 a 19:59,1,50km/h,No,Yes,No,Street,Passenger_vehicle,Poco trafico,No,green,B,1
547,0,0,0,Saturday,M,,16:00 a 17:59,2,80km/h,No,Yes,No,Highway,Private_car,Trafico moderado,No,green,B,1
548,0,0.31827853,2,Thursday,F,50-59,10:00 a 11:59,2,50km/h,No,Yes,No,Street,Passenger_vehicle,Trafico moderado,No,green,MB,0
549,0,0.288217213,1,Wednesday,M,30-39,22:00 a 23:59,4,80km/h,No,Yes,No,Peripheral,Private_car,Poco trafico,No,green,B,1
550,0,0.316424647,1,Monday,M,20-29,18:00 a 19:59,3,50km/h,No,Yes,No,Avenue,Truck,Trafico moderado,No,green,MB,1
551,235,0.299037865,3,Wednesday,M,0-19,18:00 a 19:59,1,50km/h,No,Yes,No,Street,Passenger_vehicle,Poco trafico,Yes,green,B,0
552,0,0.376765299,0,Sunday,F,30-39,18:00 a 19:59,3,50km/h,No,Yes,Yes,Avenue,Private_car,Poco trafico,No,green,MB,0
553,459,0.25,0,Monday,M,20-29,20:00 a 21:59,1,50km/h,No,Yes,No,Street,Passenger_vehicle,Poco trafico,Yes,green,B,0
554,0,0.311705165,1,Sunday,F,,12:00 a 13:59,2,50km/h,No,Yes,No,Avenue,Private_car,Poco trafico,No,green,B,0
555,0,0.294069069,0,Thursday,M,,22:00 a 23:59,1,50km/h,No,Yes,No,Street,Private_car,Poco trafico,No,green,B,0
557,247,0.25,1,Monday,M,50-59,18:00 a 19:59,2,50km/h,No,Yes,No,Avenue,Private_car,Trafico moderado,Yes,green,B,0
558,0,0.335526316,0,Thursday,M,,06:00 a 07:59,2,50km/h,No,Yes,Yes,Avenue,Bicycle,Poco trafico,No,green,MB,0
559,0,0.307502596,0,Thursday,M,20-29,10:00 a 11:59,2,50km/h,No,Yes,No,Avenue,Multiple_collision,Trafico moderado,No,green,B,0
560,0,0.488630924,0,Tuesday,M,,14:00 a 15:59,2,50km/h,No,Yes,No,Street,Private_car,Poco trafico,No,green,MA,0
561,0,0.443382801,0,Saturday,F,50-59,12:00 a 13:59,2,50km/h,Yes,Yes,Yes,Avenue,Truck,Poco trafico,No,orange,MB,0
563,0,0,0,Tuesday,M,50-59,06:00 a 07:59,1,50km/h,No,No,No,Street,Private_car,Poco trafico,No,green,B,0
564,2418,0.442616775,4,Tuesday,M,20-29,14:00 a 15:59,3,50km/h,Yes,Yes,Yes,Avenue,Private_car,Trafico moderado,Yes,green,MB,0
565,0,0.338861386,3,Wednesday,M,,08:00 a 09:59,3,50km/h,No,Yes,Yes,Avenue,,Poco trafico,No,green,B,0
566,0,0.310416667,0,Thursday,M,0-19,16:00 a 17:59,2,50km/h,No,Yes,No,Street,Private_car,Trafico moderado,No,green,B,0
567,0,0.260006111,1,Friday,M,0-19,0:00 a 01:59,5,40km/h,No,Yes,Yes,Avenue,Private_car,Poco trafico,No,green,B,0
570,225,0.409219858,1,Wednesday,,,12:00 a 13:59,4,50km/h,No,Yes,Yes,Avenue,Passenger_vehicle,Poco trafico,Yes,green,MB,0
571,0,0.25,1,Thursday,F,30-39,22:00 a 23:59,2,50km/h,No,Yes,No,Avenue,Private_car,Poco trafico,No,green,B,1
572,0,0.413706674,1,Thursday,M,60-69,16:00 a 17:59,2,50km/h,No,Yes,No,Avenue,Private_car,Poco trafico,No,green,MB,0
573,0,0.30546683,0,Thursday,M,,20:00 a 21:59,2,50km/h,No,Yes,Yes,Street,Passenger_vehicle,Poco trafico,No,green,B,0
574,0,0,0,Thursday,F,30-39,22:00 a 23:59,2,50km/h,No,Yes,No,Street,Truck,Poco trafico,No,green,B,1
575,606,0.25,0,Monday,F,20-29,14:00 a 15:59,3,50km/h,Yes,Yes,No,Avenue,Passenger_vehicle,Trafico moderado,Yes,green,B,0
576,626,0.300607051,3,Tuesday,M,60-69,16:00 a 17:59,2,50km/h,No,Yes,No,Avenue,Private_car,Poco trafico,Yes,green,B,0
577,0,0.875647668,0,Thursday,M,0-19,08:00 a 09:59,4,50km/h,No,Yes,No,Avenue,Private_car,Trafico moderado,No,red_wine,A,0
579,1629,0.429855185,2,Monday,M,60-69,20:00 a 21:59,1,50km/h,No,Yes,Yes,Street,Passenger_vehicle,Poco trafico,Yes,green,MB,0
580,0,0,1,Friday,F,20-29,18:00 a 19:59,2,50km/h,No,No,No,Avenue,Truck,Trafico moderado,No,green,B,0
581,0,0.25,3,Saturday,,,06:00 a 07:59,2,50km/h,No,Yes,No,Avenue,Private_car,Poco trafico,No,green,B,0
582,0,0.384271357,4,Sunday,M,30-39,14:00 a 15:59,3,50km/h,No,Yes,Yes,Avenue,Passenger_vehicle,Poco trafico,No,green,MB,0
583,0,0.297539771,1,Wednesday,M,60-69,10:00 a 11:59,2,50km/h,No,Yes,No,Street,Truck,Poco trafico,No,green,B,0
584,0,0.286647828,0,Monday,M,60-69,22:00 a 23:59,3,50km/h,No,Yes,Yes,Avenue,Passenger_vehicle,Poco trafico,No,green,B,1
585,0,0.429610355,1,Monday,F,,10:00 a 11:59,2,40km/h,No,Yes,No,Avenue,Private_car,Poco trafico,No,green,MB,0
586,0,0.377916225,0,Friday,M,30-39,16:00 a 17:59,2,50km/h,No,Yes,No,Avenue,Private_car,Poco trafico,No,green,MB,0
587,0,0.272354015,0,Thursday,M,50-59,06:00 a 07:59,1,50km/h,No,No,No,Street,Private_car,Poco trafico,No,green,B,0
588,294,0.424917492,0,Sunday,M,40-49,18:00 a 19:59,1,30km/h,No,Yes,No,Street,Passenger_vehicle,Poco trafico,Yes,green,MB,0
589,670,0.277390091,0,Sunday,M,30-39,16:00 a 17:59,1,50km/h,No,Yes,No,Street,Passenger_vehicle,Poco trafico,Yes,green,B,0
590,8,0.366197183,0,Friday,M,20-29,18:00 a 19:59,3,50km/h,No,Yes,Yes,Avenue,Multiple_collision,Poco trafico,Yes,green,MB,0
591,0,0.455254042,0,Friday,M,,0:00 a 01:59,1,50km/h,No,No,No,Street,Private_car,Poco trafico,No,orange,MB,0
592,0,0.252849003,0,Tuesday,F,20-29,08:00 a 09:59,1,60km/h,No,Yes,No,Highway,Private_car,Poco trafico,No,green,B,0
593,55,0.25,0,Thursday,M,30-39,18:00 a 19:59,2,50km/h,No,Yes,No,Avenue,Passenger_vehicle,Trafico moderado,Yes,green,B,1
594,438,0.272289157,0,Wednesday,F,,20:00 a 21:59,3,50km/h,No,Yes,No,Avenue,,Poco trafico,Yes,green,B,0
595,1597,0.352116548,2,Friday,M,50-59,16:00 a 17:59,2,50km/h,No,Yes,Yes,Street,Multiple_collision,Poco trafico,Yes,green,MB,1
596,0,0.309975962,1,Sunday,M,20-29,14:00 a 15:59,4,50km/h,No,Yes,Yes,Avenue,Passenger_vehicle,Poco trafico,No,green,B,0
597,0,0.293668831,0,Monday,F,50-59,08:00 a 09:59,2,50km/h,No,No,No,Street,,Poco trafico,No,green,B,0
598,0,0.403610108,3,Thursday,M,20-29,20:00 a 21:59,6,50km/h,Yes,Yes,Yes,Avenue,Passenger_vehicle,Poco trafico,No,orange,MB,0
600,0,0.616742597,1,Wednesday,M,,18:00 a 19:59,3,50km/h,No,Yes,No,Avenue,Truck,Poco trafico,No,red,MA,1
602,0,0.334783414,0,Wednesday,M,60-69,18:00 a 19:59,1,50km/h,No,No,No,Street,Multiple_collision,Trafico moderado,No,green,MB,0
603,0,0.333455702,0,Thursday,M,40-49,22:00 a 23:59,1,50km/h,No,Yes,No,Street,Passenger_vehicle,Poco trafico,No,green,MB,1
604,0,0.358904465,0,Thursday,M,30-39,16:00 a 17:59,1,50km/h,No,Yes,No,Street,Passenger_vehicle,Trafico moderado,No,green,MB,1
605,5,0.272317597,0,Saturday,M,50-59,0:00 a 01:59,2,50km/h,No,Yes,Yes,Avenue,Private_car,Poco trafico,Yes,green,B,1
606,0,0.25,1,Saturday,M,20-29,22:00 a 23:59,2,50km/h,No,Yes,No,Street,Multiple_collision,Poco trafico,No,green,B,0
607,779,0.305094648,3,Saturday,M,20-29,14:00 a 15:59,2,50km/h,No,Yes,No,Street,Truck,Poco trafico,Yes,green,B,0
608,415,0.485007496,1,Friday,F,20-29,18:00 a 19:59,1,50km/h,No,Yes,Yes,Street,Private_car,Trafico moderado,Yes,orange,MA,0
609,0,0.3078203,3,Saturday,M,0-19,10:00 a 11:59,1,50km/h,No,Yes,No,Street,Multiple_collision,Trafico moderado,No,green,B,0
610,21,0.421189591,0,Tuesday,M,0-19,16:00 a 17:59,2,50km/h,No,Yes,No,Street,Passenger_vehicle,Trafico moderado,Yes,orange,MB,0
611,0,0.382175387,1,Wednesday,M,30-39,20:00 a 21:59,2,50km/h,No,Yes,Yes,Avenue,Multiple_collision,Poco trafico,No,green,MB,0
612,0,0.386057499,2,Wednesday,M,0-19,18:00 a 19:59,2,50km/h,No,Yes,Yes,Avenue,Private_car,Poco trafico,No,green,MB,0
613,0,0.259834776,0,Friday,M,30-39,10:00 a 11:59,6,60km/h,No,Yes,Yes,Avenue,Multiple_collision,Poco trafico,No,green,B,0
614,0,0.346544926,0,Friday,M,30-39,16:00 a 17:59,6,50km/h,No,Yes,Yes,Avenue,Multiple_collision,Poco trafico,No,green,B,0
615,0,0.316593886,0,Saturday,M,0-19,12:00 a 13:59,2,50km/h,No,Yes,No,Avenue,Private_car,Trafico moderado,No,green,B,0
616,1846,0.351667642,3,Saturday,M,,18:00 a 19:59,3,50km/h,Yes,Yes,Yes,Avenue,Private_car,Poco trafico,Yes,green,B,0
617,0,0.25,0,Monday,F,20-29,10:00 a 11:59,3,50km/h,Yes,Yes,Yes,Avenue,Multiple_collision,Poco trafico,No,green,B,0
618,0,0.745814307,0,Thursday,M,,0:00 a 01:59,1,50km/h,No,Yes,No,Street,Truck,Trafico moderado,No,red,A,0
619,0,0.345862069,0,Monday,M,20-29,08:00 a 09:59,2,50km/h,No,Yes,No,Avenue,Passenger_vehicle,Poco trafico,No,green,MB,0
621,0,0.25,0,Wednesday,M,20-29,18:00 a 19:59,1,50km/h,No,Yes,No,Street,Multiple_collision,Poco trafico,No,green,B,0
622,0,0.451010043,0,Sunday,M,0-19,18:00 a 19:59,1,50km/h,No,Yes,Yes,Street,Passenger_vehicle,Trafico moderado,No,green,MB,0
623,0,0.355902778,0,Friday,M,0-19,16:00 a 17:59,3,50km/h,No,Yes,Yes,Avenue,Passenger_vehicle,Poco trafico,No,green,MB,0
624,0,0.291335321,1,Tuesday,M,,16:00 a 17:59,3,50km/h,No,Yes,Yes,Avenue,Private_car,Poco trafico,No,green,B,0
625,76,0.260789814,1,Wednesday,M,50-59,08:00 a 09:59,4,50km/h,Yes,Yes,Yes,Avenue,Passenger_vehicle,Poco trafico,Yes,green,B,0
626,0,0.3499124,0,Sunday,,,10:00 a 11:59,3,50km/h,No,No,Yes,Avenue,Private_car,Poco trafico,No,green,MB,0
627,0,0.403702667,1,Wednesday,M,20-29,14:00 a 15:59,3,50km/h,No,Yes,No,Avenue,Multiple_collision,Trafico moderado,No,orange,MB,0
628,0,0.344235248,0,Wednesday,F,20-29,06:00 a 07:59,3,50km/h,No,Yes,Yes,Avenue,,Poco trafico,No,green,MB,0
629,0,0.307038991,1,Friday,,,14:00 a 15:59,2,50km/h,No,Yes,Yes,Avenue,Passenger_vehicle,Trafico moderado,No,green,B,0
630,0,0.25,1,Tuesday,M,0-19,10:00 a 11:59,3,50km/h,Yes,Yes,Yes,Avenue,Passenger_vehicle,Poco trafico,No,green,B,0
632,1029,0.355351378,2,Saturday,M,30-39,16:00 a 17:59,3,50km/h,Yes,Yes,Yes,Avenue,Multiple_collision,Poco trafico,Yes,green,MB,0
635,0,0.341741003,0,Monday,,,12:00 a 13:59,1,50km/h,No,Yes,No,Street,Multiple_collision,Trafico moderado,No,green,MB,0
636,0,0.39740566,0,Tuesday,M,20-29,10:00 a 11:59,1,50km/h,No,Yes,No,Street,Passenger_vehicle,Poco trafico,No,green,MB,0
637,2,0.25,0,Wednesday,M,0-19,22:00 a 23:59,3,50km/h,No,Yes,Yes,Avenue,Passenger_vehicle,Poco trafico,Yes,green,B,1
638,25,0.330248883,0,Thursday,,,16:00 a 17:59,3,50km/h,No,Yes,Yes,Avenue,Multiple_collision,Poco trafico,Yes,green,MB,0
639,0,0.325942066,0,Monday,M,0-19,16:00 a 17:59,6,60km/h,No,Yes,Yes,Peripheral,Passenger_vehicle,Poco trafico,No,green,B,0
640,305,0.329658347,2,Saturday,F,20-29,18:00 a 19:59,3,50km/h,No,Yes,Yes,Avenue,Passenger_vehicle,Poco trafico,Yes,green,B,0
641,8,0.374289324,0,Monday,M,40-49,22:00 a 23:59,6,60km/h,No,Yes,No,Peripheral,Private_car,Poco trafico,Yes,green,MB,1
643,2,0.25,0,Friday,M,40-49,18:00 a 19:59,2,50km/h,No,Yes,No,Avenue,Passenger_vehicle,Trafico moderado,Yes,green,B,1
644,0,0.333333333,0,Saturday,M,20-29,08:00 a 09:59,4,40km/h,No,Yes,Yes,Highway,Multiple_collision,Poco trafico,No,green,MB,0
645,0,0.5,0,Thursday,M,20-29,18:00 a 19:59,1,50km/h,No,No,No,Street,Passenger_vehicle,Trafico moderado,No,orange,MB,0
646,214,0.280468574,6,Tuesday,M,70+,10:00 a 11:59,3,50km/h,No,Yes,No,Avenue,Private_car,Poco trafico,Yes,green,B,1
647,214,0.442128341,6,Tuesday,M,60-69,10:00 a 11:59,3,60km/h,No,Yes,Yes,Avenue,Private_car,Poco trafico,Yes,green,MB,0
648,2323,0.30847014,6,Monday,M,30-39,18:00 a 19:59,3,50km/h,No,Yes,Yes,Avenue,Multiple_collision,Trafico moderado,Yes,green,B,0
649,0,0,0,Monday,M,60-69,22:00 a 23:59,1,50km/h,No,No,No,Street,Private_car,Poco trafico,No,green,B,1
650,0,0.250487567,2,Tuesday,M,40-49,08:00 a 09:59,4,80km/h,No,Yes,Yes,Peripheral,Private_car,Poco trafico,No,green,B,0
651,108,0.309950637,2,Wednesday,M,60-69,08:00 a 09:59,2,50km/h,No,Yes,Yes,Street,Passenger_vehicle,Poco trafico,Yes,green,B,1
652,250,0.32257109,1,Tuesday,F,20-29,0:00 a 01:59,1,50km/h,No,Yes,No,Street,Private_car,Trafico moderado,Yes,green,MB,0
653,0,0.31063907,2,Friday,M,30-39,10:00 a 11:59,4,80km/h,No,Yes,Yes,Peripheral,Private_car,Poco trafico,No,green,B,0
655,0,0.25,0,Sunday,M,30-39,12:00 a 13:59,2,80km/h,No,Yes,No,Highway,Passenger_vehicle,Trafico moderado,No,green,B,0
656,0,0.280446123,0,Sunday,M,20-29,14:00 a 15:59,2,50km/h,No,No,No,Avenue,Private_car,Poco trafico,No,green,B,0
657,0,0.28428544,0,Saturday,M,,22:00 a 23:59,2,50km/h,No,Yes,No,Street,Private_car,Poco trafico,No,green,B,0
660,0,0.5,1,Sunday,M,70+,08:00 a 09:59,2,50km/h,No,Yes,No,Avenue,Passenger_vehicle,Poco trafico,No,orange,MB,1
661,0,0,1,Sunday,M,60-69,08:00 a 09:59,1,50km/h,No,Yes,No,Street,Passenger_vehicle,Poco trafico,No,green,B,1
662,0,0.332561371,0,Tuesday,M,,08:00 a 09:59,5,60km/h,No,Yes,No,Highway,,Trafico moderado,No,green,B,1
664,0,0.25,1,Friday,M,,16:00 a 17:59,3,50km/h,No,Yes,Yes,Avenue,Private_car,Poco trafico,No,green,B,0
665,0,0.309082231,0,Sunday,M,,14:00 a 15:59,1,50km/h,No,No,No,Street,Private_car,Trafico moderado,No,green,B,0
666,23,0.392433234,0,Monday,M,60-69,20:00 a 21:59,2,50km/h,No,No,No,Street,Private_car,Mucho trafico,Yes,orange,MB,0
667,33,,0,Wednesday,M,30-39,18:00 a 19:59,2,50km/h,Yes,Yes,No,Avenue,Passenger_vehicle,Trafico moderado,Yes,,,0
668,1479,0.417955326,4,Friday,M,30-39,10:00 a 11:59,2,50km/h,Yes,Yes,No,Avenue,Private_car,Trafico moderado,Yes,green,MB,0
669,0,0.292292683,1,Tuesday,M,50-59,16:00 a 17:59,5,50km/h,No,Yes,Yes,Avenue,Passenger_vehicle,Poco trafico,No,green,B,1
670,1990,0.365006279,2,Wednesday,F,20-29,10:00 a 11:59,1,50km/h,Yes,Yes,No,Street,Multiple_collision,Poco trafico,Yes,green,MB,0
671,0,0.470123738,0,Friday,M,50-59,10:00 a 11:59,2,80km/h,No,Yes,No,Highway,,Trafico moderado,No,green,MA,1
672,81,0.42853688,2,Friday,M,,12:00 a 13:59,4,50km/h,No,Yes,Yes,Avenue,Passenger_vehicle,Trafico moderado,Yes,green,MB,0
673,335,0.25,2,Wednesday,M,20-29,06:00 a 07:59,6,60km/h,No,Yes,No,Peripheral,Private_car,Poco trafico,Yes,green,B,0
675,0,0.405787553,2,Friday,M,40-49,06:00 a 07:59,3,50km/h,No,Yes,Yes,Avenue,Private_car,Poco trafico,No,green,MB,0
677,0,0.25,3,Monday,,,22:00 a 23:59,4,50km/h,No,Yes,Yes,Avenue,Multiple_collision,Poco trafico,No,green,B,1
678,0,0.273920653,2,Monday,M,20-29,20:00 a 21:59,2,50km/h,No,Yes,No,Street,Passenger_vehicle,Poco trafico,No,green,B,0
679,0,0.277994792,1,Tuesday,,,22:00 a 23:59,3,50km/h,No,Yes,Yes,Avenue,Private_car,Poco trafico,No,green,B,0
681,0,0.496044963,1,Saturday,M,,10:00 a 11:59,6,50km/h,Yes,Yes,Yes,Peripheral,Multiple_collision,Poco trafico,No,green,MA,0
682,179,0.305168986,4,Tuesday,M,20-29,12:00 a 13:59,3,50km/h,No,Yes,No,Avenue,Private_car,Poco trafico,Yes,green,B,0
684,0,0.313308105,0,Thursday,M,0-19,12:00 a 13:59,1,40km/h,No,Yes,No,Avenue,Private_car,Trafico moderado,No,green,MB,0
685,1581,0.416666667,3,Thursday,M,20-29,10:00 a 11:59,4,50km/h,No,Yes,No,Avenue,Multiple_collision,Poco trafico,Yes,orange,MB,0
687,449,0.315208065,0,Monday,M,20-29,14:00 a 15:59,1,50km/h,Yes,Yes,No,Street,Multiple_collision,Poco trafico,Yes,green,MB,0
688,0,0,0,Tuesday,M,,10:00 a 11:59,3,50km/h,Yes,Yes,Yes,Street,Private_car,Trafico moderado,No,green,B,0
689,0,0.385907265,4,Friday,M,0-19,12:00 a 13:59,1,50km/h,No,Yes,No,Street,Passenger_vehicle,Trafico moderado,No,orange,MB,0
690,463,0.25,0,Sunday,,,0:00 a 01:59,2,50km/h,Yes,Yes,No,Avenue,,Poco trafico,Yes,green,B,1
692,0,0.301960281,1,Wednesday,M,30-39,18:00 a 19:59,2,50km/h,No,Yes,No,Avenue,Passenger_vehicle,Trafico moderado,No,green,B,0
694,475,0.310542169,0,Friday,F,,20:00 a 21:59,1,50km/h,No,No,No,Street,Truck,Poco trafico,Yes,green,B,0
697,135,0.25,0,Friday,M,50-59,08:00 a 09:59,1,50km/h,No,No,No,Street,Multiple_collision,Mucho trafico,Yes,green,B,0
699,0,0.25,0,Saturday,M,30-39,10:00 a 11:59,3,60km/h,No,Yes,No,Highway,Multiple_collision,Poco trafico,No,green,B,0
703,0,0.295500404,2,Monday,M,50-59,12:00 a 13:59,4,60km/h,No,Yes,Yes,Avenue,Multiple_collision,Poco trafico,No,green,B,0
704,0,0.25,0,Thursday,M,20-29,12:00 a 13:59,3,60km/h,No,Yes,No,Avenue,Bicycle,Trafico moderado,No,green,B,0
709,97,0.422552167,1,Wednesday,M,40-49,06:00 a 07:59,1,50km/h,No,No,No,Street,Multiple_collision,Poco trafico,Yes,green,MA,0
710,0,0.25,0,Wednesday,,,0:00 a 01:59,4,80km/h,No,Yes,No,Peripheral,Private_car,Poco trafico,No,green,B,1
712,0,0.266590214,1,Thursday,F,20-29,20:00 a 21:59,4,60km/h,No,Yes,No,Avenue,Passenger_vehicle,Poco trafico,No,green,B,0
713,0,0.2576062,0,Tuesday,M,0-19,22:00 a 23:59,2,50km/h,No,Yes,No,Avenue,Passenger_vehicle,Poco trafico,No,green,B,0
714,1873,0.334994844,4,Thursday,M,0-19,16:00 a 17:59,3,50km/h,Yes,Yes,Yes,Avenue,Private_car,Trafico moderado,Yes,green,MB,0
715,0,0.33584295,0,Saturday,M,0-19,18:00 a 19:59,2,50km/h,No,Yes,No,Street,Multiple_collision,Trafico moderado,No,green,MB,0
716,0,0,1,Wednesday,M,60-69,10:00 a 11:59,1,50km/h,No,No,No,Street,Truck,Poco trafico,No,green,B,1
717,1620,0.488017287,2,Wednesday,M,30-39,12:00 a 13:59,3,50km/h,Yes,Yes,Yes,Avenue,Passenger_vehicle,Trafico moderado,Yes,green,MB,0
718,0,0.529729319,0,Thursday,M,20-29,10:00 a 11:59,3,50km/h,No,Yes,No,Avenue,Truck,Poco trafico,No,orange,MA,0
719,1200,0.563500312,2,Saturday,M,,14:00 a 15:59,1,30km/h,No,Yes,Yes,Street,Private_car,Trafico moderado,Yes,orange,MA,0
720,0,0.334100625,3,Tuesday,M,0-19,10:00 a 11:59,3,50km/h,Yes,Yes,Yes,Avenue,Private_car,Poco trafico,No,green,B,0
721,0,0.25,0,Friday,M,0-19,16:00 a 17:59,1,50km/h,No,Yes,No,Street,Passenger_vehicle,Poco trafico,No,green,B,1
722,0,0.430149284,0,Monday,M,20-29,14:00 a 15:59,2,50km/h,No,Yes,No,Street,Private_car,Trafico moderado,No,green,MB,0
723,734,0.410664498,2,Tuesday,F,,08:00 a 09:59,2,50km/h,Yes,Yes,No,Avenue,Private_car,Poco trafico,Yes,orange,MB,0
724,0,0.295638489,1,Monday,M,20-29,10:00 a 11:59,3,50km/h,No,Yes,Yes,Avenue,Private_car,Trafico moderado,No,green,B,0
725,0,0.367260692,2,Tuesday,M,30-39,12:00 a 13:59,5,50km/h,No,Yes,Yes,Avenue,Private_car,Poco trafico,No,green,MB,0
726,162,0.282695125,2,Monday,M,30-39,0:00 a 01:59,4,50km/h,No,Yes,No,Avenue,Passenger_vehicle,Poco trafico,Yes,green,B,1
727,0,0.25,1,Tuesday,M,40-49,10:00 a 11:59,3,50km/h,No,No,No,Avenue,Multiple_collision,Poco trafico,No,green,B,0
728,0,0.340607846,5,Monday,M,0-19,20:00 a 21:59,4,50km/h,No,Yes,Yes,Avenue,Passenger_vehicle,Poco trafico,No,green,MB,0
729,0,0.339155844,0,Tuesday,M,0-19,12:00 a 13:59,1,50km/h,No,Yes,No,Street,Private_car,Trafico moderado,No,green,B,0
730,0,0.25,0,Friday,M,,12:00 a 13:59,2,50km/h,No,Yes,No,Street,Private_car,Poco trafico,No,green,B,0
731,0,0.391114058,0,Tuesday,M,30-39,08:00 a 09:59,2,50km/h,No,No,No,Street,,Poco trafico,No,green,MB,0
732,30,0.287511131,0,Thursday,M,0-19,22:00 a 23:59,3,50km/h,No,Yes,Yes,Avenue,Private_car,Poco trafico,Yes,green,B,0
736,165,0.309950637,2,Sunday,M,60-69,08:00 a 09:59,3,50km/h,Yes,Yes,Yes,Avenue,Passenger_vehicle,Poco trafico,Yes,green,B,1
737,0,0.25,0,Tuesday,M,60-69,22:00 a 23:59,2,50km/h,No,Yes,No,Avenue,Passenger_vehicle,Poco trafico,No,green,B,0
739,0,0.737859267,0,Monday,M,60-69,12:00 a 13:59,1,50km/h,No,Yes,No,Street,Truck,Trafico moderado,No,red,A,1
742,0,0.310443565,0,Sunday,M,30-39,10:00 a 11:59,3,50km/h,No,Yes,Yes,Avenue,Private_car,Trafico moderado,No,green,B,0
743,251,0.529409491,0,Wednesday,F,20-29,18:00 a 19:59,2,50km/h,No,Yes,No,Avenue,Passenger_vehicle,Poco trafico,Yes,red,MB,0
746,0,0.356679118,0,Saturday,F,20-29,22:00 a 23:59,3,50km/h,No,Yes,Yes,Avenue,Private_car,Poco trafico,No,green,MB,0
748,353,0.268102224,1,Wednesday,F,20-29,14:00 a 15:59,3,50km/h,No,Yes,Yes,Avenue,Private_car,Poco trafico,Yes,green,B,0
749,0,0.250217061,0,Wednesday,M,20-29,14:00 a 15:59,2,50km/h,No,Yes,Yes,Highway,,Poco trafico,No,green,B,1
750,0,0.42263192,0,Sunday,M,20-29,16:00 a 17:59,2,50km/h,No,Yes,Yes,Avenue,Passenger_vehicle,Trafico moderado,No,green,MB,1
751,0,0.410354284,0,Saturday,M,60-69,14:00 a 15:59,1,50km/h,No,Yes,No,Avenue,Passenger_vehicle,Trafico moderado,No,green,MB,0
752,528,0.379293263,1,Thursday,M,30-39,16:00 a 17:59,1,50km/h,No,Yes,No,Street,Private_car,Trafico moderado,Yes,green,MB,0
753,0,0.25,1,Wednesday,M,,16:00 a 17:59,2,80km/h,No,Yes,No,Highway,Truck,Poco trafico,No,green,B,1
754,0,0.712398374,0,Thursday,M,,08:00 a 09:59,3,50km/h,No,Yes,No,Avenue,Passenger_vehicle,Trafico moderado,No,red_wine,A,0
755,214,0.334044065,6,Monday,M,20-29,08:00 a 09:59,3,50km/h,Yes,Yes,No,Avenue,,Trafico moderado,Yes,green,MB,0
756,0,0.308230347,3,Monday,M,,20:00 a 21:59,6,60km/h,No,Yes,Yes,Avenue,Private_car,Poco trafico,No,green,B,0
757,0,0.38185307,0,Friday,M,0-19,16:00 a 17:59,3,80km/h,No,Yes,Yes,Avenue,Private_car,Poco trafico,No,green,MB,0
758,0,0.321710253,1,Wednesday,M,60-69,16:00 a 17:59,2,50km/h,No,Yes,Yes,Avenue,,Poco trafico,No,green,B,1
760,179,0.280413762,8,Sunday,M,50-59,06:00 a 07:59,3,50km/h,Yes,Yes,Yes,Avenue,Private_car,Poco trafico,Yes,green,B,0
761,266,0.342048864,0,Monday,M,20-29,14:00 a 15:59,3,50km/h,No,Yes,No,Street,Passenger_vehicle,Trafico moderado,Yes,green,MB,0
762,0,0.276809429,2,Wednesday,M,20-29,22:00 a 23:59,6,60km/h,No,Yes,Yes,Peripheral,Private_car,Poco trafico,No,green,B,0
763,608,0.385956246,3,Saturday,M,60-69,14:00 a 15:59,3,50km/h,No,Yes,Yes,Avenue,Private_car,Trafico moderado,Yes,green,MB,0
764,0,0.493378025,0,Thursday,M,0-19,18:00 a 19:59,1,50km/h,No,Yes,No,Street,Passenger_vehicle,Trafico moderado,No,orange,MA,0
765,0,0.25,0,Thursday,M,20-29,20:00 a 21:59,2,40km/h,No,Yes,No,Street,Private_car,Trafico moderado,No,green,B,0
766,239,0.394703097,2,Friday,F,20-29,12:00 a 13:59,2,50km/h,No,No,No,Avenue,Truck,Trafico moderado,Yes,green,MB,1
767,0,0.348103187,1,Friday,F,60-69,16:00 a 17:59,3,50km/h,No,Yes,Yes,Avenue,Passenger_vehicle,Poco trafico,No,green,MB,1
769,0,0.34060217,1,Monday,,,16:00 a 17:59,5,60km/h,No,Yes,No,Highway,Passenger_vehicle,Poco trafico,No,green,MB,0
770,0,0.346041242,5,Tuesday,F,0-19,12:00 a 13:59,1,50km/h,No,Yes,No,Street,Truck,Mucho trafico,No,green,MB,0
771,0,0.325913146,0,Thursday,M,20-29,10:00 a 11:59,2,50km/h,No,Yes,No,Avenue,Passenger_vehicle,Poco trafico,No,green,MB,0
772,0,0,0,Thursday,M,60-69,06:00 a 07:59,1,50km/h,No,No,No,Street,Truck,Poco trafico,No,green,B,0
773,5,0.490485252,0,Tuesday,M,60-69,12:00 a 13:59,4,50km/h,No,Yes,Yes,Avenue,Passenger_vehicle,Trafico moderado,Yes,orange,MA,0
774,0,0.404705182,1,Monday,M,30-39,16:00 a 17:59,1,50km/h,No,No,No,Street,Private_car,Trafico moderado,No,green,MB,0
775,0,0.428740741,0,Monday,M,0-19,08:00 a 09:59,1,50km/h,No,Yes,Yes,Avenue,Passenger_vehicle,Poco trafico,No,orange,MB,0
776,0,0.371960117,0,Thursday,M,40-49,08:00 a 09:59,3,50km/h,No,Yes,Yes,Avenue,Passenger_vehicle,Poco trafico,No,green,MB,0
777,0,0.335548991,0,Sunday,,,18:00 a 19:59,7,60km/h,No,Yes,No,Peripheral,Private_car,Trafico moderado,No,green,MB,0
778,0,0.289566187,0,Tuesday,M,60-69,22:00 a 23:59,1,50km/h,No,Yes,No,Street,Passenger_vehicle,Poco trafico,No,green,B,1
779,854,0.360701107,0,Tuesday,M,20-29,08:00 a 09:59,3,50km/h,Yes,Yes,Yes,Avenue,Private_car,Poco trafico,Yes,green,B,0
780,0,0.330098684,3,Thursday,M,0-19,06:00 a 07:59,6,50km/h,No,Yes,Yes,Avenue,Private_car,Poco trafico,No,green,MB,0
781,457,0.31092437,1,Monday,F,30-39,08:00 a 09:59,1,50km/h,No,No,No,Street,Private_car,Poco trafico,Yes,green,B,0
782,545,0.294451352,2,Wednesday,M,60-69,10:00 a 11:59,1,50km/h,No,Yes,No,Street,Passenger_vehicle,Trafico moderado,Yes,green,B,0
783,0,0.473364979,0,Wednesday,M,60-69,12:00 a 13:59,1,50km/h,No,No,No,Street,Truck,Trafico moderado,No,green,MA,0
784,629,0.260108595,2,Friday,M,60-69,12:00 a 13:59,3,50km/h,Yes,Yes,Yes,Avenue,Private_car,Poco trafico,Yes,green,B,0
785,0,0,3,Monday,M,50-59,20:00 a 21:59,3,50km/h,No,Yes,No,Street,Passenger_vehicle,Poco trafico,No,green,B,0
786,0,0.328749124,1,Tuesday,F,20-29,18:00 a 19:59,4,50km/h,No,Yes,Yes,Avenue,Truck,Poco trafico,No,green,B,1
787,214,0.38705104,6,Tuesday,M,60-69,12:00 a 13:59,3,60km/h,Yes,Yes,Yes,Avenue,Passenger_vehicle,Poco trafico,Yes,green,MB,0
788,2,0.30604534,1,Wednesday,M,50-59,06:00 a 07:59,3,50km/h,No,Yes,No,Avenue,Private_car,Poco trafico,Yes,green,B,0
789,0,0.328242642,0,Tuesday,M,40-49,16:00 a 17:59,1,50km/h,No,Yes,Yes,Avenue,,Trafico moderado,No,green,B,1
790,229,0.475495175,1,Monday,M,,08:00 a 09:59,3,50km/h,Yes,Yes,Yes,Avenue,,Trafico moderado,Yes,green,MA,0
791,0,0.25,0,Tuesday,,,18:00 a 19:59,5,50km/h,No,No,No,Avenue,Truck,Poco trafico,No,green,B,0
792,0,0.424510015,3,Thursday,M,30-39,22:00 a 23:59,6,60km/h,No,Yes,Yes,Peripheral,,Poco trafico,No,green,MA,0
793,0,0.524483776,0,Thursday,M,30-39,16:00 a 17:59,1,50km/h,No,Yes,No,Street,Multiple_collision,Mucho trafico,No,orange,MA,0
794,0,0.268841039,0,Saturday,M,40-49,20:00 a 21:59,2,50km/h,No,Yes,No,Avenue,Passenger_vehicle,Poco trafico,No,green,B,0
795,0,0.368988302,2,Saturday,M,50-59,08:00 a 09:59,5,60km/h,No,Yes,No,Peripheral,Private_car,Trafico moderado,No,green,MB,0
796,0,0.268829027,2,Tuesday,M,20-29,12:00 a 13:59,3,50km/h,No,Yes,Yes,Avenue,Multiple_collision,Poco trafico,No,green,B,0
797,0,0.30323488,1,Friday,M,,10:00 a 11:59,3,50km/h,Yes,Yes,No,Avenue,Private_car,Poco trafico,No,green,B,0
798,0,0.390141431,0,Wednesday,M,20-29,14:00 a 15:59,3,50km/h,No,Yes,Yes,Avenue,Truck,Poco trafico,No,green,MB,0
799,0,0.32517215,0,Saturday,,,18:00 a 19:59,2,50km/h,No,No,No,Street,Private_car,Poco trafico,No,green,MB,0
800,0,0.408064882,2,Monday,M,,16:00 a 17:59,6,60km/h,No,Yes,No,Peripheral,,Poco trafico,No,green,MB,1
801,0,0.328921885,5,Friday,M,60-69,14:00 a 15:59,5,50km/h,No,Yes,Yes,Avenue,Truck,Trafico moderado,No,green,MB,1
802,337,0.355323368,1,Saturday,M,20-29,10:00 a 11:59,1,50km/h,No,Yes,No,Street,Passenger_vehicle,Trafico moderado,Yes,green,MB,0
803,0,0.428707554,4,Tuesday,M,40-49,10:00 a 11:59,3,50km/h,No,Yes,Yes,Avenue,Passenger_vehicle,Poco trafico,No,green,MA,0
804,330,0.25,0,Friday,M,20-29,08:00 a 09:59,3,50km/h,Yes,Yes,Yes,Avenue,Private_car,Poco trafico,Yes,green,B,0
805,0,0.402907141,0,Monday,M,40-49,08:00 a 09:59,4,50km/h,No,Yes,No,Avenue,Truck,Trafico moderado,No,green,MB,0
806,0,0.333019224,2,Tuesday,M,40-49,08:00 a 09:59,3,50km/h,No,Yes,Yes,Avenue,Multiple_collision,Poco trafico,No,green,MB,0
807,0,0.500502816,1,Thursday,M,60-69,12:00 a 13:59,2,50km/h,No,Yes,No,Avenue,Passenger_vehicle,Trafico moderado,No,orange,MB,0
808,0,0.329463266,0,Saturday,M,50-59,16:00 a 17:59,2,50km/h,Yes,No,No,Avenue,Truck,Trafico moderado,No,green,MB,0
809,0,0.25,0,Tuesday,M,40-49,18:00 a 19:59,3,50km/h,No,Yes,No,Avenue,Private_car,Poco trafico,No,green,B,0
810,483,0.25,2,Monday,M,20-29,08:00 a 09:59,3,50km/h,Yes,Yes,Yes,Avenue,Multiple_collision,Poco trafico,Yes,green,B,0
812,0,0.302034429,0,Monday,F,20-29,06:00 a 07:59,2,50km/h,Yes,Yes,No,Avenue,Passenger_vehicle,Poco trafico,No,green,B,0
813,410,0.434382666,3,Thursday,M,30-39,14:00 a 15:59,3,50km/h,No,Yes,Yes,Avenue,Private_car,Trafico moderado,Yes,orange,MB,0
814,0,0.333333333,0,Saturday,M,60-69,10:00 a 11:59,2,50km/h,No,Yes,No,Street,Truck,Trafico moderado,No,green,MB,0
815,0,0.328921885,5,Saturday,M,20-29,14:00 a 15:59,5,50km/h,No,Yes,Yes,Avenue,Passenger_vehicle,Trafico moderado,No,green,MB,1
816,417,0.25,2,Wednesday,M,30-39,0:00 a 01:59,4,50km/h,Yes,Yes,Yes,Avenue,Private_car,Poco trafico,Yes,green,B,0
818,0,0.25,0,Friday,M,60-69,12:00 a 13:59,2,80km/h,No,Yes,No,Highway,Passenger_vehicle,Poco trafico,No,green,B,1
819,0,0,0,Monday,M,20-29,08:00 a 09:59,2,50km/h,No,Yes,No,Street,Passenger_vehicle,Poco trafico,No,green,B,1
820,1526,0.379020138,2,Wednesday,M,20-29,16:00 a 17:59,4,50km/h,No,Yes,No,Avenue,Truck,Poco trafico,Yes,green,MB,0
821,0,0.300581536,0,Tuesday,M,20-29,18:00 a 19:59,4,50km/h,No,Yes,Yes,Street,Private_car,Trafico moderado,No,green,B,0
822,0,0.349314585,0,Thursday,M,40-49,08:00 a 09:59,1,50km/h,No,Yes,Yes,Street,Private_car,Poco trafico,No,green,MB,0
823,0,0.25,1,Thursday,M,20-29,10:00 a 11:59,2,50km/h,No,Yes,No,Avenue,Passenger_vehicle,Poco trafico,No,green,B,0
825,0,0,0,Tuesday,M,0-19,18:00 a 19:59,1,50km/h,No,No,No,Street,Truck,Poco trafico,No,green,B,1
826,1256,0.25,0,Friday,M,20-29,20:00 a 21:59,3,50km/h,Yes,Yes,Yes,Avenue,Private_car,Poco trafico,Yes,green,B,0
827,0,0.25,0,Thursday,M,50-59,08:00 a 09:59,2,50km/h,No,Yes,No,Street,Truck,Poco trafico,No,green,B,0
828,239,0.295420925,2,Tuesday,F,20-29,14:00 a 15:59,3,50km/h,Yes,Yes,Yes,Avenue,Truck,Poco trafico,Yes,green,B,0
829,0,0.36652714,2,Wednesday,M,,18:00 a 19:59,3,50km/h,No,Yes,Yes,Avenue,Private_car,Trafico moderado,No,green,MB,0
830,0,0,3,Saturday,,,20:00 a 21:59,1,50km/h,No,Yes,No,Street,Passenger_vehicle,Poco trafico,No,green,B,1
831,5,0.332148627,0,Sunday,M,50-59,16:00 a 17:59,6,60km/h,No,Yes,Yes,Peripheral,Private_car,Poco trafico,Yes,green,B,0
833,179,0.343477503,8,Saturday,M,30-39,16:00 a 17:59,3,50km/h,Yes,Yes,No,Avenue,Multiple_collision,Poco trafico,Yes,green,B,0
834,0,0.284892723,0,Monday,M,30-39,08:00 a 09:59,3,50km/h,No,Yes,No,Avenue,Private_car,Poco trafico,No,green,B,1
835,0,0.338583488,1,Monday,M,60-69,18:00 a 19:59,3,50km/h,No,Yes,Yes,Avenue,,Trafico moderado,No,green,B,1
836,0,0.25,0,Sunday,F,0-19,12:00 a 13:59,5,60km/h,No,Yes,No,Avenue,Passenger_vehicle,Trafico moderado,No,green,B,0
837,542,0.512930039,2,Thursday,M,0-19,18:00 a 19:59,1,50km/h,No,Yes,Yes,Street,Passenger_vehicle,Poco trafico,Yes,orange,MA,0
839,0,0.277090695,0,Friday,M,50-59,0:00 a 01:59,2,50km/h,No,Yes,No,Avenue,Private_car,Poco trafico,No,green,B,1
841,0,0.25,1,Saturday,M,30-39,06:00 a 07:59,5,60km/h,No,Yes,No,Avenue,Private_car,Poco trafico,No,green,B,0
842,0,0.341976351,1,Saturday,M,,22:00 a 23:59,4,50km/h,No,Yes,Yes,Avenue,Private_car,Poco trafico,No,green,MB,0
844,0,0.28825079,1,Tuesday,F,20-29,12:00 a 13:59,2,50km/h,No,Yes,Yes,Avenue,Passenger_vehicle,Trafico moderado,No,green,B,0
845,0,0.25,0,Sunday,M,,18:00 a 19:59,2,50km/h,No,Yes,No,Avenue,Private_car,Poco trafico,No,green,B,1
846,0,0.34243212,1,Tuesday,M,40-49,16:00 a 17:59,2,50km/h,Yes,Yes,No,Avenue,Truck,Trafico moderado,No,green,B,0
847,0,0.25,0,Thursday,M,20-29,08:00 a 09:59,3,50km/h,No,Yes,No,Avenue,Private_car,Poco trafico,No,green,B,0
848,0,0.25,0,Thursday,M,40-49,08:00 a 09:59,2,50km/h,No,No,No,Street,,Trafico moderado,No,green,B,0
849,9,0.313059398,2,Monday,M,,20:00 a 21:59,6,60km/h,Yes,Yes,No,Peripheral,Passenger_vehicle,Trafico moderado,Yes,green,MB,0
850,0,0.25,2,Monday,M,,16:00 a 17:59,6,60km/h,No,Yes,No,Peripheral,Passenger_vehicle,Trafico moderado,No,green,B,0
853,2,0.25,0,Monday,M,30-39,20:00 a 21:59,4,50km/h,No,Yes,No,Avenue,Private_car,Poco trafico,Yes,green,B,0
855,0,0.335915493,3,Sunday,M,50-59,16:00 a 17:59,6,60km/h,Yes,Yes,Yes,Peripheral,Private_car,Poco trafico,No,green,MB,0
858,0,0.354868624,4,Wednesday,M,50-59,22:00 a 23:59,4,60km/h,No,Yes,Yes,Highway,Private_car,Poco trafico,No,green,MB,0
860,0,0.328517588,0,Thursday,M,0-19,22:00 a 23:59,6,60km/h,No,Yes,Yes,Peripheral,Private_car,Poco trafico,No,green,B,1
861,0,0.416666667,0,Friday,F,20-29,08:00 a 09:59,3,50km/h,No,Yes,Yes,Avenue,Passenger_vehicle,Mucho trafico,No,orange,MB,1
862,0,0.306508165,1,Saturday,M,0-19,14:00 a 15:59,4,50km/h,No,Yes,Yes,Avenue,Private_car,Poco trafico,No,green,B,0
863,0,0.324092616,0,Thursday,M,,0:00 a 01:59,2,50km/h,Yes,Yes,Yes,Street,Private_car,Poco trafico,No,green,MB,1
865,0,0.340387658,0,Tuesday,M,,22:00 a 23:59,2,50km/h,No,Yes,Yes,Avenue,Truck,Poco trafico,No,green,MB,0
866,0,0.80647535,0,Sunday,M,20-29,14:00 a 15:59,2,50km/h,Yes,Yes,No,Avenue,,Trafico moderado,No,red,A,0
869,0,0.37330195,0,Saturday,M,20-29,10:00 a 11:59,3,50km/h,No,Yes,Yes,Avenue,Truck,Poco trafico,No,green,MB,0
870,0,0.264338235,0,Monday,,,0:00 a 01:59,1,50km/h,No,Yes,Yes,Street,Passenger_vehicle,Poco trafico,No,green,B,1
871,0,0.263427664,0,Friday,F,30-39,10:00 a 11:59,3,50km/h,No,Yes,No,Avenue,,Poco trafico,No,green,B,1
873,0,0.25,3,Wednesday,M,50-59,22:00 a 23:59,4,80km/h,No,Yes,No,Highway,Passenger_vehicle,Poco trafico,No,green,B,1
875,417,0.25,1,Saturday,M,30-39,22:00 a 23:59,2,50km/h,Yes,Yes,Yes,Avenue,Private_car,Poco trafico,Yes,green,B,0
876,363,0.415582168,2,Tuesday,M,,08:00 a 09:59,2,50km/h,Yes,Yes,Yes,Avenue,Private_car,Poco trafico,Yes,green,MB,0
877,357,0.2669967,2,Friday,M,0-19,16:00 a 17:59,2,40km/h,Yes,No,No,Street,Private_car,Poco trafico,Yes,green,B,0
878,0,0.385157744,0,Tuesday,M,40-49,10:00 a 11:59,3,80km/h,No,Yes,No,Highway,Passenger_vehicle,Poco trafico,No,orange,MB,0
879,0,0.395188396,3,Friday,M,60-69,10:00 a 11:59,6,60km/h,No,Yes,Yes,Avenue,Truck,Trafico moderado,No,green,MB,0
880,0,0.307103543,3,Monday,F,30-39,08:00 a 09:59,6,60km/h,No,Yes,Yes,Avenue,Train,Poco trafico,No,green,B,0
882,0,0.25,0,Wednesday,M,20-29,06:00 a 07:59,1,50km/h,No,No,No,Street,Private_car,Poco trafico,No,green,B,0
883,0,0.371562567,0,Wednesday,M,0-19,08:00 a 09:59,3,50km/h,No,Yes,Yes,Avenue,Truck,Poco trafico,No,green,B,1
884,724,0.435982478,2,Wednesday,F,0-19,08:00 a 09:59,2,50km/h,No,Yes,Yes,Street,Passenger_vehicle,Poco trafico,Yes,orange,MB,0
885,0,0,3,Wednesday,M,0-19,08:00 a 09:59,3,50km/h,Yes,Yes,No,Avenue,Truck,Poco trafico,No,green,B,0
886,0,0.37195572,1,Sunday,M,40-49,20:00 a 21:59,2,50km/h,No,Yes,Yes,Avenue,Private_car,Trafico moderado,No,green,MB,1
888,0,0.301693227,0,Thursday,M,50-59,16:00 a 17:59,3,50km/h,No,Yes,Yes,Avenue,Private_car,Trafico moderado,No,green,B,0
889,0,0.299587629,1,Monday,M,20-29,16:00 a 17:59,3,50km/h,No,Yes,Yes,Avenue,Private_car,Poco trafico,No,green,B,0
891,0,0.264702004,0,Sunday,M,60-69,16:00 a 17:59,4,50km/h,No,Yes,No,Avenue,,Poco trafico,No,green,B,0
893,0,0.451489758,0,Wednesday,M,60-69,18:00 a 19:59,1,50km/h,No,Yes,No,Street,Truck,Trafico moderado,No,orange,MB,1
894,0,0.294885551,0,Thursday,M,70+,08:00 a 09:59,4,80km/h,No,Yes,Yes,Peripheral,Passenger_vehicle,Poco trafico,No,green,B,1
896,0,0.372059667,0,Sunday,M,60-69,10:00 a 11:59,3,50km/h,No,Yes,No,Avenue,Train,Poco trafico,No,green,MB,0
897,21,0.261415461,0,Sunday,M,20-29,16:00 a 17:59,1,50km/h,No,Yes,No,Avenue,Passenger_vehicle,Trafico moderado,Yes,green,B,0
899,244,0.46414452,0,Tuesday,M,,12:00 a 13:59,2,50km/h,No,Yes,Yes,Avenue,Passenger_vehicle,Trafico moderado,Yes,orange,MB,0
902,0,0.25,0,Tuesday,M,50-59,08:00 a 09:59,5,60km/h,No,Yes,No,Peripheral,Passenger_vehicle,Trafico moderado,No,green,B,0
903,0,0.25,1,Wednesday,M,,22:00 a 23:59,4,60km/h,No,Yes,No,Avenue,,Poco trafico,No,green,B,1
906,41,0.339047296,0,Tuesday,M,,12:00 a 13:59,4,50km/h,No,Yes,Yes,Avenue,Truck,Trafico moderado,Yes,green,MB,0
907,0,0.25,0,Sunday,M,40-49,08:00 a 09:59,3,80km/h,No,Yes,No,Highway,Private_car,Poco trafico,No,green,B,1
909,0,0.317826454,1,Thursday,M,50-59,14:00 a 15:59,2,50km/h,No,Yes,Yes,Avenue,Passenger_vehicle,Poco trafico,No,green,B,1
911,0,0.40339314,0,Saturday,M,0-19,20:00 a 21:59,1,50km/h,No,Yes,Yes,Avenue,Passenger_vehicle,Poco trafico,No,green,MB,1
912,265,0.322555469,0,Wednesday,M,20-29,14:00 a 15:59,2,50km/h,Yes,Yes,Yes,Avenue,Passenger_vehicle,Poco trafico,Yes,green,B,1
913,0,0.28718296,0,Saturday,M,40-49,20:00 a 21:59,1,50km/h,No,Yes,No,Avenue,Passenger_vehicle,Trafico moderado,No,green,B,1
914,0,0.25,1,Monday,M,,18:00 a 19:59,5,60km/h,No,Yes,No,Peripheral,Truck,Trafico moderado,No,green,B,1
915,0,0.361884448,0,Monday,M,20-29,08:00 a 09:59,3,50km/h,No,Yes,Yes,Avenue,Truck,Trafico moderado,No,green,MB,1
916,667,0.372018147,2,Friday,M,40-49,18:00 a 19:59,3,50km/h,Yes,Yes,Yes,Avenue,Truck,Trafico moderado,Yes,green,MB,1
917,0,0.25,1,Saturday,M,30-39,18:00 a 19:59,5,60km/h,No,Yes,No,Peripheral,,Poco trafico,No,green,B,1
919,0,0.422370317,1,Thursday,M,60-69,18:00 a 19:59,1,50km/h,No,Yes,No,Street,Passenger_vehicle,Trafico moderado,No,green,MB,1
920,0,0,0,Saturday,M,30-39,08:00 a 09:59,2,80km/h,No,Yes,No,Highway,Truck,Poco trafico,No,green,B,1
921,6,0.321185203,0,Monday,M,,06:00 a 07:59,4,50km/h,No,Yes,Yes,Street,Private_car,Poco trafico,Yes,green,MB,1
922,0,0.25,0,Saturday,M,,0:00 a 01:59,5,60km/h,No,Yes,Yes,Peripheral,Truck,Poco trafico,No,green,B,1
923,0,0,0,Wednesday,M,40-49,0:00 a 01:59,3,80km/h,No,Yes,No,Highway,,Poco trafico,No,green,B,1
924,0,0.286601597,0,Friday,M,40-49,0:00 a 01:59,6,60km/h,Yes,Yes,Yes,Peripheral,Private_car,Poco trafico,No,green,B,1